station,june_flow_years,june_mean,june2wk_flow_years,june_2wkmean,aug_flow_years,aug_mean,earlyjune_flow_years,earlyjune_mean,june21_flow_days,june21_mean,june2wk21_flow_days,june2wk21_mean,aug21_flow_days,aug21_mean,earlyjune21_flow_days,earlyjune21_mean,june_ratio,june2wk_ratio,aug_ratio,earlyjune_ratio
05AD003,19,59.64210534095764,19,52.930827155149075,19,9.051578975088123,19,59.39248125176681,8,41.612500667572036,14,35.38571480342321,31,6.361935477102956,7,48.41428620474679,0.6977034165659433,0.66852752366219,0.7028536672565483,0.8151585046517409
05AD005,19,27.661184185429622,19,24.717218026182707,19,5.668471989890715,19,26.79330837636962,8,18.412499904632575,14,16.26428570066179,31,4.1319354657203915,7,18.30428579875399,0.665643950063832,0.658014412602308,0.7289328540547402,0.6831663168142935
05AD007,21,210.99702390034992,21,182.78741499842428,21,41.08648231025848,21,235.38571418710308,8,33.262500047683716,14,31.95714269365583,31,29.203225658785907,7,50.84285681588312,0.15764440385373868,0.17483229189455585,0.7107745422998756,0.21599805660027957
05AD041,20,16.86287494674325,20,13.190192822047642,20,3.2042209732917044,20,18.06812865691526,8,1.8200000077486038,14,1.8007142799241191,31,1.2903870844071905,7,1.8557143211364728,0.10792940192562496,0.13651917786328288,0.40271476129861683,0.1027065036105015
05AE006,19,50.8590790488218,19,44.759248222623555,19,7.501018675559648,19,39.49909763766411,8,6.921249985694886,14,7.178571394511632,31,6.777096748352049,7,6.769999980926515,0.13608681311454507,0.1603818580420934,0.90349018466434,0.17139632006355066
05AG006,21,221.34523820877075,21,195.0136054940775,21,48.678648273333245,21,251.6789115205103,8,42.112500667572036,14,38.107143538338825,31,35.06774176320722,7,61.657142911638545,0.19025708891849719,0.19540761498046416,0.7203926774280985,0.2449833501708142
05AJ001,21,522.4898810840789,21,451.6027212078069,21,117.61981562718452,21,513.791156457395,8,156.125,14,159.85714285714286,31,58.9387092590332,7,205.01428549630302,0.2988096146016585,0.3539773684923921,0.5010950658675507,0.39902260465104633
05BA001,20,32.01437494754791,20,31.089999948229107,20,19.545096749644124,20,26.735714183534892,8,57.68749952316283,14,53.08571406773158,31,18.980645118221158,7,28.028571537562783,1.8019249045991859,1.7074851771029145,0.9711205506601934,1.0483569410247546
05BA002,19,21.773026303241128,19,20.468646612382475,19,7.69634974063556,19,18.954962450758856,8,30.025000095367425,14,25.635714394705637,31,6.738709649732036,7,20.642857142857157,1.378999854094601,1.2524381743538116,0.8755721708114005,1.0890476410324266
05BB001,20,127.8043751001358,20,120.26250009536744,20,54.352096689901046,20,111.1871428353446,8,192.625,14,171.85714285714286,31,50.25483863584458,7,119.51428549630302,1.5071862747192863,1.429016881578723,0.9246163753822993,1.0748930357288697
05BC001,19,8.41401312539452,19,7.732894713717297,19,4.278064523568987,19,7.501879701040741,8,6.837500035762789,14,6.356428589139667,31,3.167419372066376,7,6.341428620474678,0.8126324423153534,0.8219985948941045,0.7403860681895345,0.8453119582276063
05BH004,22,210.82784089175135,22,198.95292205315133,22,98.30571844151292,22,191.34025975016803,8,220.875,14,231.57142857142858,31,88.69354814098728,7,164.57142857142858,1.0476557510893798,1.1639508793420137,0.9022216565535359,0.8600982813878723
05BH005,15,NA,15,NA,14,NA,15,NA,8,220.75,14,228.28571428571428,31,88.59032243297946,7,165.42857142857142,NA,NA,NA,NA
05BM002,21,281.26726193655105,21,249.29319732043209,21,95.52826411163753,21,275.8442176507444,8,177.125,14,200,31,57.21290317658455,7,141.14285714285714,0.6297391270511826,0.8022681812008192,0.5989107381844982,0.5116759682146494
05BM004,21,255.427380942163,21,215.30227887873747,21,63.200184384066205,21,242.8258503115907,8,94.30000019073486,14,115.88571439470564,31,22.822580645161295,7,100,0.36918516661331396,0.5382465759221006,0.3611157288160577,0.41181776928478336
05BN012,21,277.52916665304275,21,234.50918369552716,21,68.9964669911726,21,248.99727888820937,8,102.38750076293945,14,120.02857208251953,31,26.741935545398356,7,120.21428571428571,0.3689251908104517,0.5118288767673914,0.3875841287470519,0.4827935720866151
05CA004,20,37.0118749320507,20,33.97142854418074,20,18.84177418062764,20,31.275714268003192,8,42.88749933242798,14,40.799999782017295,31,13.67419350531794,7,34.67142868041993,1.158749709685451,1.2010092460184834,0.7257381058826826,1.1085735207617862
05CA009,19,70.37171057650917,19,63.53759409969014,19,29.856536528452953,19,67.11729330765574,8,64.38750076293945,14,62.56428582327706,31,25.070967643491674,7,55.428571428571416,0.9149628485005548,0.9846813797373888,0.8397145335192954,0.8258463459558038
05CC002,21,117.06666671662104,21,107.01156471537897,21,43.89861753056493,21,120.73945572262718,8,61.68749952316285,14,68.114285332816,31,25.25806445460166,7,64.28571374075754,0.5269433328317744,0.6365133106312488,0.5753726626360257,0.5324333570663105
05CE001,21,127.3232143379393,21,115.92789128361916,21,48.19370200630341,21,127.14013619974357,8,64.17500019073486,14,68.75,31,24.50322575722971,7,60,0.5040322028031948,0.5930410640507744,0.5084321132670998,0.47192021177118276
05CK004,21,169.8363093648638,21,148.52925160466407,21,55.08310289280389,21,137.3380952432853,8,68.24999904632568,14,65.29285676138743,31,26.370967803462854,7,83.14285605294364,0.401857525646665,0.4395959452833944,0.478748770830555,0.6053881547262003
05DA007,19,20.77605262555574,19,20.49721804955848,19,14.650237700327954,19,15.664210588412177,8,39.799999713897684,14,36.878571101597366,31,14.488387261667553,7,17.5485717228481,1.9156670629983579,1.7991988479817995,0.9889523677382532,1.120297229394369
05DA009,20,165.26500010490415,20,163.7510714667184,20,137.10645159444502,20,127.91928574698312,8,324.875,14,304.42857142857144,31,149.33870967741936,7,140.35714285714286,1.9657822272942322,1.8590936150939632,1.0892172318714572,1.0972320712825203
05DB006,20,51.77624990344048,20,48.712857062476026,20,25.541774225234985,20,46.231428555079866,8,47.787499904632575,14,53.02142851693289,31,19.148387170607048,7,43.11428669520787,0.9229617825499785,1.0884483422709321,0.749688999744139,0.9325752641158763
05DC001,20,208.55062503814696,20,202.1714285986764,20,146.7885484264743,20,217.28428573608397,8,159.75,14,167.71428571428572,31,195.29032258064515,7,199.57142857142858,0.7660010607533753,0.8295647257219991,1.3304193322578237,0.9184807262768665
05DD007,19,105.75394748386584,19,100.23195487574527,19,51.36349748634118,19,92.40075187396286,8,134.75,14,124.85714285714286,31,44.541935582314764,7,94.34285681588308,1.2741841151656101,1.2456820084166247,0.8671904710959288,1.021018280723184
05DF001,21,391.3452380952381,21,374.812925170068,21,218.4016897081413,21,389.9115646258504,8,233.875,14,229.78571428571428,31,224.25806451612902,7,273.85714285714283,0.5976181060444742,0.613067743545533,1.026814695508143,0.7023570668388085
07AA001,19,37.94802633084749,19,34.67030073467054,19,11.007504230039432,19,39.49022544774794,8,59.01249980926514,14,47.692857197352815,31,7.969354860244259,7,34.828571592058445,1.555087458166292,1.3756112922798973,0.7239928955462878,0.8819542354383966
07AA002,20,276.725,20,267.7964285714286,20,179.3574193523776,20,232.7357142857143,8,498.25,14,446.35714285714283,31,178.5483870967742,7,235.14285714285714,1.8005239859065858,1.6667778029686728,0.9954892735492925,1.01034281680631
07AA007,14,NA,14,NA,14,NA,14,NA,8,8.08625000715256,14,7.227142913000926,31,4.944838696910488,7,2.834142889295305,NA,NA,NA,NA
07AD002,19,554.8223684210526,19,535.1654135338346,19,311.71477079796267,19,487.94736842105266,8,932.375,14,857.6428571428571,31,304.06451612903226,7,441.14285714285717,1.6804928082719695,1.6025752701012967,0.9754575163398692,0.9040787709755459
07BE001,21,1028.428571428571,21,1030.3299319727892,21,589.7910906298004,21,1013.7346938775512,8,1021.625,14,1041.2857142857142,31,418.48387096774195,7,833,0.9933844978469235,1.0106332757818146,0.709545935190153,0.8217140096229338
07DA001,21,1353.654761904762,21,1343.9353741496598,21,838.199692780338,21,1356.0544217687077,8,1347.5,14,1360.7142857142858,31,563.8709677419355,7,1504.2857142857142,0.9954532262745477,1.0124849095331256,0.6727167435143714,1.1093107253937993
07DD001,6,NA,6,NA,7,NA,6,NA,8,1367.5,14,1352.857142857143,31,573.5806451612904,7,1678.4285714285713,NA,NA,NA,NA
07EA004,20,174.58124995231628,20,159.50678569248743,20,57.47725806697723,20,227.78571425846644,8,269.5,14,214.5,31,50.84516131493353,7,218.71428571428572,1.5436938392502577,1.3447703749327242,0.8846135502094509,0.9601756037523607
07EA005,20,753.55,20,713.0571428571428,20,299.8467741935484,20,933.5357142857144,8,1136.25,14,989.5714285714286,31,280.80645161290323,7,872.4285714285714,1.5078627828279478,1.387786993629042,0.9364998251795271,0.9345422548682044
07EA007,18,93.3791664706336,17,83.31932766697987,17,38.170588279810985,18,107.90873031010705,8,188.75,14,150.88571439470564,31,33.951613087807935,7,104.95714296613421,2.0213288159876552,1.8109329326057786,0.8894705221445453,0.9726473721311465
07EB002,20,117.22312502861024,20,106.56928571292332,20,33.25387096866484,20,151.43357147489274,8,200.125,14,158.15714263916016,31,26.85483858662267,7,178.48571450369698,1.7072143397572466,1.4840780960585995,0.8075703009712166,1.178640328992633
07EC004,20,100.49250011444092,20,91.39892864227296,20,27.20948386653777,20,144.46142864227295,8,149,14,118.38571439470563,31,19.080645253581384,7,121.21428571428571,1.4826977120712364,1.2952636989658433,0.7012498049272726,0.8390771630429207
07EE007,20,283.372500038147,20,258.63285715920586,20,77.22532264647946,19,418.0360902485095,8,415.5,14,335.35714285714283,31,69.19354875626104,7,470.85714285714283,1.466267898063737,1.2966532811827076,0.8959955929613126,1.1263552450154073
07FA003,3,NA,3,NA,3,NA,3,NA,8,77.01250076293945,14,73.51428604125977,31,26.36774204623315,7,86.22857066563196,NA,NA,NA,NA
07FA004,20,970.8,20,980.2535714285714,20,1005.7806451612904,20,955.0285714285716,8,1712.5,14,1791.4285714285713,31,654.4516129032259,7,819.8571428571429,1.7640090646889164,1.8275154752232476,0.6506902037255606,0.8584634715490934
07FA006,21,212.63511907486688,21,204.28163270236684,21,73.82826418371245,21,300.50884350627456,8,173.75,14,162.57142857142858,31,56.135483772523955,7,210.74285670689176,0.8171274846598798,0.7958200961135407,0.7603522091869557,0.7012867050699342
07FB001,21,427.67857142857144,21,413.734693877551,21,120.58801847302604,21,630.5619047515246,8,489.75,14,390.7857142857143,31,80.3387093082551,7,519,1.1451356993736952,0.944532136338973,0.6662246409350016,0.8230754127217914
07FB002,19,190.06447370428788,19,182.35338345864665,19,62.22937177195006,19,265.2751880158159,8,257.875,14,211.57142857142858,31,53.09677419354839,7,214.04285757882255,1.3567764399843352,1.1602276007091905,0.8532429732398777,0.8068710050864657
07FB003,20,118.17125010490416,20,111.2428571837289,20,28.30195164065207,20,186.1521428789411,8,165.625,14,125.12142862592425,31,17.703225874131732,7,184.98571450369698,1.401567638938995,1.1247592141513723,0.625512547647186,0.9937340051142861
07FB006,19,141.33815785458214,19,134.68571423408682,19,47.512563711920905,19,183.30300745569673,8,221.25,14,176.50714329310824,31,44.225806328558164,7,169.3857138497489,1.5653946772649772,1.3105112468448943,0.9308234048726338,0.9240749303618951
07FD002,19,1265.9473684210527,19,1285.015037593985,20,1113.4064516129033,19,1565.6917293233082,8,2255,14,2239.285714285714,31,725.9354838709677,7,1295.7142857142858,1.7812746850704693,1.7426144043251592,0.6519950399239763,0.8275666668267407
07FD010,20,1534.34375,20,1503.3464285714283,20,1196.0403225806451,20,1757.3142857142857,8,2321.25,14,2330.714285714286,31,788.3870967741935,7,1415.7142857142858,1.5128617690788,1.5503507650788602,0.6591643123478683,0.8056124605729523
07GA001,20,255.8875,20,246.475,20,119.83935481040707,20,253,8,444.625,14,378.7857142857143,31,115.3000000984438,7,214.14285714285714,1.7375799912070735,1.5368119050034053,0.9621213355233362,0.8464144551101073
07GB003,19,118.12960546895076,19,114.78984974739248,19,27.381986446413,19,130.8533834156237,8,101.22499942779541,14,83.91428565979004,31,11.647419298848796,7,90.3571434020996,0.8568978032725373,0.7310253114230267,0.42536794478526924,0.6905220258241415
07GE001,18,228.80902777777777,18,232.15595234764947,18,63.850716867754535,18,269.1976190597292,8,214.125,14,185.64285714285714,24,58.77500009536743,7,198.07142857142858,0.9358240891087607,0.7996471995034623,0.9205065029590856,0.7357844741096345
07GJ001,19,892.6381578947369,19,891.327067669173,19,307.58404074702884,19,902.3609022556392,8,809.375,14,737.0714285714286,31,180.16129032258064,7,560.4285714285714,0.906722385595625,0.8269371090669062,0.585730293044539,0.6210692085923308
07HA001,20,2452.125,20,2520.4142857142856,20,1572.1725806451614,20,2768.3785714285714,8,3131.25,14,3137.8571428571427,31,1002.1935483870968,7,1965.7142857142858,1.2769536626395472,1.2449767328500416,0.6374577197980604,0.7100597822861758
07HF001,15,NA,15,NA,15,NA,15,NA,8,2757.5,14,2921.4285714285716,31,1095.6129032258063,7,2134.285714285714,NA,NA,NA,NA
07KC001,21,2828.690476190476,21,2811.802721088435,21,1851.504105090312,21,3184.8979591836733,8,3188.75,14,3313.5714285714284,31,1365.1612903225807,7,3072.8571428571427,1.1272884137872985,1.178450893343172,0.7373255541639706,0.9648212226066898
07NB001,22,4650.227272727273,22,4603.571428571428,22,3857.8739002932552,21,4702.857142857143,8,5846.25,14,5924.285714285715,31,4070.967741935484,7,5907.142857142857,1.2571966179561116,1.28688906128782,1.0552360826583862,1.2560753341433777
08AA003,20,98.64312489032746,20,95.99357132230486,20,68.10435489839124,20,99.11785727909631,8,173.125,14,159.35714285714286,31,75.6999991632277,7,162.74285670689176,1.7550640269403706,1.6600814060984412,1.1115294943497935,1.6419125793714446
08AB001,20,724.2375,20,752.0964285714285,20,743.3709677419355,20,580.5857142857143,NA,NA,NA,NA,NA,NA,NA,NA,NA,NA,NA,NA
08AC002,19,88.65657891725239,19,86.31541342484323,19,44.91154504915247,19,98.8864659187489,8,195.875,14,162.18571417672294,31,54.97741969939201,7,167.92857142857142,2.2093679046968404,1.8789890210969293,1.2241266614012758,1.6981957021960081
08CE001,20,1089.75,20,1054.7571428571428,20,488.4290322580645,20,1370.2071428571428,8,1906.25,14,1630.7142857142858,31,467.0967741935484,7,1657.7142857142858,1.7492544161504933,1.5460566413392387,0.9563247541492474,1.2098275026195207
08CG001,21,1117.220238095238,21,1113.7244897959183,21,940.1136712749616,21,1061.1768707482993,8,2397.5,14,2075,31,911.1612903225806,7,1127.142857142857,2.1459511010000374,1.8631178707224336,0.9692033188783263,1.0621630457776952
08DB001,20,1772.04375,20,1719.8464285714283,20,1099.4274193548388,20,1961.3785714285711,8,3418.75,14,2924.285714285714,31,1074.0967741935483,7,2132.8571428571427,1.9292695228320407,1.700317927057441,0.9769601478775608,1.0874275746286322
08DB013,21,1.9454345206419623,21,1.867037411246981,21,0.9303256524826892,21,2.1028367317452723,8,4.054999977350235,14,3.162857140813555,31,0.8883870878527241,7,2.7014285666602,2.084367237408818,1.6940512931131386,0.9549205544122676,1.2846592062419036
08EB004,20,87.5456250667572,20,82.86178580692837,20,34.58117740692631,20,106.78214293888638,8,165.625,14,130.37142835344588,31,25.535483790982152,7,121.12857164655412,1.8918706659950628,1.573360109052164,0.7384214681443327,1.1343523206485797
08EC013,21,120.8607142312186,21,117.13877549463388,21,63.12995381509104,21,132.23197285658648,8,119.375,14,113.16428593226841,31,53.05483848817887,7,132.74285670689176,0.9877072194991643,0.9660702483393508,0.8404067369283622,1.0038635425250697
08ED001,21,73.75773829505557,21,68.99251717288477,21,29.830414733945315,21,81.00884371387716,8,149.625,14,132.9928572518485,31,27.329032344202844,7,90.65714263916016,2.0286007062940303,1.9276417603171165,0.9161465768393746,1.1191017978155662
08ED002,21,189.8154761904762,21,182.22108843537416,21,102.14254998062064,21,193.42176870748295,8,310.625,14,308.07142857142856,31,103.2741935483871,7,228.71428571428572,1.6364577126908963,1.6906464077053738,1.0110790612529368,1.1824640382653961
08EE004,20,297.2875,20,279.3107142857143,20,125.258387091852,20,353.8642857142857,NA,NA,NA,NA,NA,NA,NA,NA,NA,NA,NA,NA
08EE008,19,4.007960541467918,19,3.76541354781703,19,1.5009796259156312,19,4.768045123358418,8,6.247499912977219,14,4.974285653659275,31,1.0664516091346745,7,4.257142850330897,1.5587728093473365,1.3210463048721646,0.710503720851051,0.8928486916944985
08EE020,21,36.14464286395482,21,34.38231285899675,21,20.613947787775608,21,39.09047617231096,8,77.61250019073486,14,62.94999994550433,31,19.326451578447895,7,39.30000005449567,2.1472753371187348,1.8308832277707674,0.9375424725732924,1.0053599726250744
08EF001,21,2171.6071428571427,21,2053.986394557823,21,905.0276497695852,21,2686.469387755102,8,3838.75,14,3156.4285714285716,31,715.5806451612904,7,2702.8571428571427,1.767700024669024,1.5367329500291453,0.790672688666996,1.0061001086320713
08EF005,20,225.1925000190735,20,213.27857142857144,20,113.40193537435223,20,260.43809523809523,8,501.25,14,403,31,103.57419327766665,7,300.42857142857144,2.2258734192193117,1.889547540105161,0.9133370866710244,1.1535507935347036
08EG012,21,74.09345209030877,21,73.62687055107688,21,63.287711226995086,21,75.10884358931561,8,164.33749961853027,14,139.3999993460519,31,63.764516092115834,7,82.75714438302175,2.217976015184548,1.893330496090371,1.0075339249259716,1.1018295639795221
08FA002,21,573.4761904761905,21,566.2789115646259,20,465.5032258064516,21,504.6462585034013,8,1252.875,14,1095.5,31,424.51612903225805,7,497.42857142857144,2.1847027318774392,1.934559062023233,0.9119509930287029,0.9856975317795184
08FB004,21,14.526726226011911,21,13.95738096139869,21,7.752519208348476,21,15.133265310404251,8,27.22499990463256,14,21.685714108603342,31,6.823548409246631,7,15.892857279096338,1.874131823031318,1.5537094078451081,0.8801717513835423,1.0501935275112015
08FB006,18,59.47291674878862,18,55.70039684053451,18,21.598028685456963,18,75.66666656070285,8,108,14,91.61428560529437,31,21.448387022941343,7,94.48571450369698,1.8159526369992574,1.6447689927161249,0.9930715129285673,1.2487098850574676
08FE003,20,104.42437505722046,20,104.09571437835692,20,68.42596782253635,20,97.89285722460066,8,258.25,14,215.64285714285714,31,68.56129043332993,7,109.34285736083984,2.4730815947760196,2.0715824703316756,1.0019776499346642,1.1169646127497215
08FF001,21,195.9613094783965,21,190.5142857298559,21,115.036866359447,21,211.96122445865552,8,469.25,14,385.5,31,108.24516099499118,7,284.2857142857143,2.39460534964292,2.0234703057734396,0.9409606191528697,1.3412156634392634
08FF002,20,33.08749995827675,20,31.81892856870379,20,16.276016111912266,20,36.8800000667572,8,83.81249904632568,14,66.91428511483329,31,15.229677384899512,7,51.142857142857146,2.5330562645111603,2.102971034060786,0.9357128476761,1.3867369048341236
08FF003,21,27.760654801414127,21,26.170612203831578,21,12.53976959127435,21,31.563537574949724,8,69.10000085830688,14,55.485714503697,31,10.43322567016848,7,38.35714326586043,2.4891344009215133,2.12015347870133,0.8320109547649357,1.2152358769918878
08GA022,19,510.80263157894734,19,496.3759398496241,19,363.42105263157896,19,408.5413533834586,8,890.625,14,736.6428571428571,31,330.6774193548387,7,447.57142857142856,1.743579505937508,1.4840422309067223,0.9099016607881152,1.0955351884570084
08GA043,21,78.59940477779934,21,74.79659862258808,21,42.44301081362958,21,68.00476184507617,8,231.75,14,184.47142846243722,31,36.5999999507781,7,123.82857186453683,2.948495610814836,2.4663077179919792,0.8623327904679389,1.8208808987028682
08GA072,19,48.67828940090381,19,47.52142861014919,19,35.004753812262074,19,39.62180447399168,8,86.17500114440918,14,74.66428620474679,31,33.1451612287952,7,44.728571483067114,1.7702964135549342,1.5711709093863537,0.9468759988017553,1.1288877949117029
08GA075,18,39.089027742544815,18,36.68777779548888,18,18.474068057152532,18,36.287301638769726,8,50.86250019073486,14,40.642857279096326,31,10.246451716269219,7,48.7714294706072,1.301196349157994,1.1078037352290595,0.5546397081882645,1.3440357168497563
08GB013,20,29.934499943256377,20,27.82692857129233,20,13.39156451994373,20,25.576714328357152,8,49.8875002861023,14,38.42142868041992,31,8.540967741320213,7,39.37142835344587,1.6665553251488647,1.3807283323412636,0.6377871479169113,1.5393466044148754
08GD004,21,615.2797619047619,21,620.2755102040817,21,624.4900153609831,21,484.9251700680272,8,1410.25,14,1241,31,659.741935483871,7,376.14285714285717,2.292046784757224,2.000723838978729,1.0564491333020123,0.7756719600471355
08GD008,21,3.864642850699879,21,3.771360538038267,21,2.155202765893277,21,4.223809510672174,8,5.393750011920929,14,5.126428570066179,31,1.729903221130371,7,2.8085714408329543,1.3956658403619708,1.3593048233815301,0.8026637903897502,0.6649379982067422
08GE002,20,673.5375,20,685.6964285714286,20,683.1967741935484,20,566.5928571428572,8,1613.75,14,1375.4285714285713,31,672.2258064516129,7,498.42857142857144,2.3959319265816674,2.005885569936717,0.9839417161258033,0.8796944139782913
08GE003,21,5.939421758663898,21,6.055141284944874,21,6.705453141676849,20,4.557214294161113,8,11.47500002384185,14,9.822857141494746,31,6.063225861518613,7,3.88999993460519,1.9320062608962136,1.6222341774117948,0.9042231350232607,0.8535916205628545
08HB006,20,32.76868751645088,20,30.874178624153135,20,18.54685482901912,20,38.31699991566794,8,35.57499980926514,14,29.778571265084402,31,11.68225811373803,7,41.2428572518485,1.0856400577961933,0.964513797357782,0.6298781233494921,1.0763592489657354
08HB023,16,7.682578157633542,16,7.210000028567655,16,4.9390725743386055,16,10.473749980330467,8,5.431249976158142,14,4.730000002043588,31,4.58870966203751,7,9.078571319580083,0.7069566836442215,0.6560332847853336,0.9290630159756231,0.8667928236428685
08HB084,21,10.491071405864895,21,10.528775503846251,21,8.2339324174755,21,12.686938762664791,8,9.978749990463248,14,10.078571387699672,31,11.349032140547228,7,10.237142835344585,0.951165958596446,0.9572406006774371,1.3783246649511374,0.8069040945850955
08HC001,20,50.39056249260902,20,46.460249992779325,20,16.44638709099062,20,62.61178593124662,8,47.77500009536744,14,37.48571436745781,31,4.907741961940643,7,58.5714282989502,0.9480942012182297,0.8068341081523173,0.2984085157906273,0.9354696951667678
08HD003,20,82.50812472105027,20,75.91821413040161,21,38.08988029513927,20,85.5300001689366,8,55.637500286102316,14,51.800000326974065,31,30.97419357299805,7,86.74285779680524,0.6743275340968639,0.6823132092912424,0.8131869497355899,1.0141804936919565
08HD011,20,12.67168747410178,20,11.398071409974778,20,2.788438710474199,20,15.475285702092307,8,13.281249999999996,14,10.081428561891824,31,0.9770645172365252,7,13.1028572150639,1.0481042897517818,0.8844854712060567,0.350398419576655,0.8466956583097107
08HD018,20,11.14218746945262,20,10.190928551980427,18,3.4430638823093505,21,12.698809558301823,8,12.60249990224839,14,9.369285651615693,31,1.406064518036381,7,8.808571474892739,1.1310615565210473,0.9193750700759193,0.4083759599294155,0.6936533250972452
08HE006,20,14.655687430500985,20,14.228714250666751,19,9.393310692192946,20,15.2713332709812,8,11.835000038146973,14,10.238571473530362,31,3.484838708754509,7,20.685714108603324,0.8075363297880057,0.7195710935758364,0.37099153035051424,1.354545391783873
08HF005,21,35.51976184050242,21,32.32955779834669,21,12.844070709246097,21,39.419047566498215,8,46.412499904632575,14,37.54285717010499,31,4.864838707831598,7,44.78571442195347,1.306666979160581,1.1612548926365118,0.3787614392631406,1.1361440011050983
08JA017,20,131.49499990940097,20,128.391071333204,20,188.28887098373903,20,134.17785704476492,8,239.25,14,246.5,31,244.70967741935485,7,246,1.8194608172542026,1.919915438358455,1.2996502456084535,1.8333874561577514
08JB002,21,52.51785719962347,21,49.998979639844826,21,21.67327185307047,21,62.148299249662024,8,52.974999427795396,14,49.31428555079868,31,16.483870998505626,7,66.47142737252372,1.0087045102856025,0.9863058387595472,0.7605621850846827,1.0695614872016825
08JB003,20,70.22062516212463,20,66.5982144015176,20,30.42500003230187,20,87.19571420124599,8,71.09999942779541,14,65.3571425846645,31,22.12903225806452,7,90.61428615025112,1.0125230196062835,0.9813647884105311,0.7273305582438909,1.0392057336799276
08JB008,20,10.966687515377998,20,9.968892873185023,20,2.7801290369802905,20,15.02835711070469,8,12.649999856948849,14,11.013571330479214,31,1.750645156829588,7,11.76428590502058,1.1534932347812803,1.1047938292229256,0.6296992454462103,0.7828058528527304
08JC001,20,220.89062514305115,20,214.6971430369786,20,239.84580644176853,20,234.4835715157645,8,322.875,14,331.35714285714283,31,297.0967741935484,7,370.85714285714283,1.4616962570996512,1.5433700615199673,1.2386990567028309,1.581591155661026
08JC002,20,551.65,20,543.9,20,441.3048387096774,20,539.1285714285714,8,631.875,14,633.2857142857143,31,460.4516129032258,7,673.7142857142857,1.1454273543007343,1.1643421847503481,1.043386730699648,1.2496356554227723
08JE001,21,327.4940476190476,21,325.1666666666667,21,203.21244240100117,21,301.7891156462585,8,312.5,14,306.14285714285717,31,168.83870967741936,7,297.42857142857144,0.9542158163543504,0.9414952039247273,0.8308482870564009,0.9855510222482701
08KA001,20,43.96687504053116,20,42.22821428435189,20,23.80820968997094,20,39.41357149396624,8,103.90000057220459,14,82.5714293888637,31,26.003225911048155,7,45.48571450369698,2.363142717703355,1.9553616175397077,1.0921957698483247,1.1540622374366738
08KA004,20,1173.9625,20,1132.392857142857,20,522.1596774193548,20,1247.7714285714285,8,1995,14,1838.5714285714287,31,489.258064516129,7,1141.857142857143,1.6993728504956502,1.6236162361623618,0.9369893648896179,0.9151172375893022
08KA005,21,609.7559523809524,21,589.1326530612245,21,328.72503840245776,21,549.421768707483,8,1186.125,14,1055.142857142857,31,329.7096774193548,7,517,1.9452454631536815,1.7910106521174332,1.0029953271028036,0.940989289915186
08KA007,20,149.36312499046326,20,142.27999995095388,20,60.82903234420284,20,140.55428575788224,8,317.5,14,273.7142857142857,31,50.33225791685042,7,112.38571384974888,2.12569200075502,1.9237720397008664,0.8274380830529062,0.7995893774690277
08KA009,19,27.779605225512856,19,25.413458630554658,20,7.321532260217974,19,28.650526233185506,8,62.837499141693115,14,47.52142824445452,31,6.967096759426978,7,32.6285719190325,2.262001156300918,1.8699315561605376,0.9515899830535687,1.1388472118616544
08KB001,21,1891.5357142857144,21,1843.5748299319728,21,822.4162826420891,21,2057.312925170068,8,2878.75,14,2660.714285714286,31,709.8064516129032,7,1848.5714285714287,1.521911523138795,1.4432363918813456,0.86307441449552,0.8985368273125569
08KB003,21,494.67261904761904,21,474.312925170068,21,204.48602150772024,21,556.5986394557823,8,846.375,14,676.2857142857143,31,184.25806451612902,7,537.5714285714286,1.7109800854340895,1.4258218117147612,0.901079023189722,0.9658152041065754
08KB006,18,10.612361119853128,19,10.340380126073546,19,3.3528285259301875,18,13.277698410881888,8,21.9375,14,15.907142911638534,31,2.239354810407085,7,14.677142517907273,2.0671648610751014,1.5383518514496626,0.6679001902686964,1.1053980941364396
08KD007,19,112.21118412519756,19,107.07932324517044,19,34.72512740635508,19,153.6308271365058,8,139.875,14,111.06428555079869,31,20.59032255603422,7,159.21428571428572,1.2465334992271095,1.0372150494125203,0.5929516777601791,1.036343347763264
08KH001,20,355.25625,20,346.6607142857143,20,165.5888710021973,20,353.6714285714286,8,430.75,14,423.85714285714283,31,132.16451607981037,7,388.7142857142857,1.2125050579687198,1.2226858290836038,0.7981485427124906,1.0990830876115847
08KH006,21,618.8690476190476,21,603.7551020408164,21,286.9800307219662,21,647.795918367347,8,734.625,14,712.9285714285714,31,227.5483870967742,7,621.1428571428571,1.187044339713379,1.1808240941049215,0.7929066929302445,0.9588557746833847
08KH010,20,53.73437511920929,20,48.75678583553859,20,10.748048382036147,20,60.383571495328624,8,77.4874997138977,14,59.73571395874022,31,5.331290368110903,7,56.00000040871754,1.4420470981935176,1.2251774380746638,0.49602403884052154,0.9274045741572241
08KH030,16,21.031562462449077,16,19.71656245844705,16,6.206048397767928,16,21.511607165847504,8,32.67500019073486,14,25.171428816659112,31,4.40225806543904,7,22.404285703386563,1.5536173429375315,1.2766641684983513,0.7093496188367399,1.0414975287832655
08LA001,21,656.5535714285714,21,621.8979591836735,21,230.4147465437788,21,689.8979591836735,8,924.25,14,847.7857142857143,31,178.06451612903226,7,644.1428571428571,1.4077297576631218,1.3632231811767794,0.7728,0.9336784499334417
08LB038,20,31.84874992966652,20,29.180571389198303,20,6.2537580667003505,20,34.44835709844317,8,48.374999523162835,14,36.19285678863525,31,4.100645172980524,7,28.924285616193494,1.5188979043131114,1.2403066515014392,0.6557089559980586,0.839641946741799
08LB047,21,423.8988095238095,21,405.04761904761904,21,193.32227341846752,21,414.9455782312926,8,687.375,14,593.9285714285714,31,166.0516128540039,7,338.7142857142857,1.6215544477989188,1.4663178932518224,0.8589367894229485,0.8162860468547632
08LB064,21,1189.0892857142858,21,1130.6836734693877,21,439.442396313364,21,1254.3061224489795,8,1575,14,1451.7857142857142,31,369.0967741935484,7,1032.2857142857142,1.3245430927029989,1.2839892786556806,0.8399207206451412,0.8229934429963717
08LC002,21,247.8285714104062,21,231.39625847745103,21,52.471274922337216,21,268.62721094144445,8,225.875,14,203.07142857142858,31,30.496774427352413,7,221.5999995640346,0.9114163016577661,0.8775916685412499,0.5812089466568273,0.8249350420882683
08LC003,20,132.02750008106233,20,122.6403572354998,20,27.583709639887655,20,143.68499994277954,8,141.25,14,118.93571363176619,31,17.248387182912523,7,111.85714285714286,1.06985287090398,0.9697926222065728,0.625310641972911,0.7784886585356046
08LC018,20,109.77624977827072,20,102.40499988964626,20,21.689516124417707,20,115.0178571837289,8,123.25,14,102.82142884390694,31,12.330645068999262,7,91.00000027247837,1.1227382994859447,1.0040664904517302,0.5685071533300653,0.7911814956447629
08LD001,21,200.79761904761904,21,195.60204081632656,21,88.94193546160392,21,206.93877551020407,8,206.375,14,207.21428571428572,31,73.19354887931578,7,179,1.0277761309065039,1.0593666857947728,0.8229363179409708,0.8649901380670612
08LE024,21,100.0833332425072,21,92.36598636990502,21,22.9651305232363,21,103.8585031470474,8,130.375,14,100.87857110159737,31,15.283871035422052,7,91.02857153756277,1.302664447476929,1.092161466209015,0.6655251107742545,0.8764672008480667
08LE027,21,108.24999990917388,21,100.24523812897353,21,23.93961600700648,21,106.30204082670666,8,146.75,14,110.54285676138743,31,16.75387087175923,7,83.68571472167969,1.3556581997517707,1.1027242672531257,0.6998387470732956,0.7872446669025287
08LE031,21,884.5892857142857,21,858.6768707482993,21,334.12442396313367,21,878.6462585034013,8,869.125,14,850.7857142857143,31,260.38709677419354,7,786.5714285714286,0.9825181177705554,0.9908100978011576,0.7793117716019584,0.8952083059127756
08LF051,21,2100.3571428571427,21,2036.938775510204,21,823.5437788018434,21,2188.204081632653,8,2261.25,14,2265,31,634.0967741935484,7,1925.7142857142858,1.0766026186022786,1.1119627291854524,0.7699612218746678,0.8800432747010876
08MA001,20,233.075,20,236.03571428571428,20,201.0483870967742,20,200.15714285714284,8,371,14,376.35714285714283,31,190.38709677419354,7,173.57142857142858,1.5917623082698702,1.5944923589045241,0.9469715202567187,0.8671757904503605
08MA002,20,104.98500010967254,20,108.28642857415336,20,103.11838702540244,20,84.1092860358102,8,145.875,14,161,31,95.70967717324534,7,88.95714351109096,1.389484210578766,1.4867975804534819,0.9281533578455603,1.0576376010755428
08MA003,19,110.69276332855225,19,109.63721815984051,19,89.78149400461712,19,94.7278197152274,8,224.5,14,194.35714285714286,31,75.00322612639397,7,68.05714307512557,2.028136196524892,1.772729608788403,0.8353973940613735,0.7184493771705109
08MB006,20,18.56599991619587,20,18.24657139096941,20,6.540661287692285,20,20.336785745620737,8,29.22499990463256,14,24.735714231218616,31,5.73225805067247,7,15.24285697937013,1.5741139737450076,1.3556362837272984,0.876403439734602,0.7495214420819908
08MB007,20,8.852999998629095,20,8.474785716193063,20,3.6399193536850714,20,8.60971430710384,8,19.46250009536744,14,15.447143009730752,31,3.2061290433329908,7,7.102857181004117,2.198407330665452,1.8227178275688278,0.880824197406212,0.8249817505725572
08MC018,19,3064.5394736842104,19,3000.751879699248,19,1558.2869269949067,19,3352.2556390977443,8,4347.5,14,4220.714285714285,31,1422.8709677419354,7,3424.285714285714,1.4186470878684443,1.4065522425457277,0.9130994703818022,1.0214870472131883
08ME002,20,32.45700008794666,20,29.83967863406454,20,3.3825967836764552,20,30.213642854349953,8,64.91249942779541,14,45.01714263643537,31,2.975806436231059,7,16.05999994277953,1.999953761959089,1.5086336280124835,0.8797402192870099,0.5315479507121837
08ME003,21,45.92857149669102,21,46.044557918496686,21,30.63173582513578,21,46.91564631299907,8,62.33750009536742,14,52.328571319580064,31,30.858064528434515,7,77.84285736083984,1.3572706065952562,1.1364767886838372,1.0073886998957797,1.6592088882567875
08ME023,20,31.112499904632564,20,32.53249992643084,20,40.77274195148099,20,23.690785782677786,8,64.28749942779541,14,62.82857131958008,31,44.561290125693034,7,20.885714258466457,2.066291671349212,1.9312555586463054,1.0929186508653346,0.8815965181592947
08ME025,20,11.37287499904633,20,11.021821447781155,20,5.631241931453828,20,11.512857188497271,8,17.02500021457674,14,14.590000152587903,31,4.295483842972787,7,9.15571444375174,1.4969829718522685,1.3237376618476315,0.7627951161146106,0.7952599683855542
08ME027,21,40.80476184118362,21,38.48911563717589,21,18.753840247240667,21,35.63469388533612,8,74.83749961853027,14,58.6214280809675,31,13.596451605519936,7,32.07142938886371,1.8340383877206687,1.5230650824397274,0.7249955969695562,0.9000057497915336
08ME028,21,104.74702376411076,21,104.73843534300929,21,89.06989250241703,21,83.15170054533044,8,187.375,14,156.71428571428572,31,101.85161307550246,7,70.1571420942034,1.788833641917756,1.4962442889380583,1.1435021443720568,0.8437246819258613
08MF005,20,6278.875,20,6116.428571428572,20,3010.4193548387098,20,6709.357142857143,8,7816.25,14,7786.428571428572,31,2573.8709677419356,7,6461.428571428572,1.2448487985506957,1.2730351512320448,0.8549875164750383,0.9630473432626077
08MF040,21,3783.2738095238096,21,3736.938775510204,21,2054.3317972350233,21,3980.4761904761904,8,5203.75,14,5220,31,1849.6774193548388,7,4140,1.3754621690083229,1.3968652722407298,0.9003791022678839,1.0400765641823184
08MF065,18,95.54374983575607,18,88.73769841875348,18,30.44767023414694,18,84.08730155702621,8,153.625,14,118.0714282989502,31,18.754838605080877,7,78.42857142857144,1.6079021418364692,1.3305667197020454,0.6159695786526025,0.9327041060460581
08MG001,19,33.428420910709775,19,30.253684117381734,19,10.24093378986689,19,39.01894721411225,8,42.74999976158143,14,33.63571425846645,31,5.101290325964651,7,38.15714318411691,1.2788519049634561,1.1117890346168329,0.4981274589444404,0.977913191115427
08MG005,18,310.50694444444446,18,306.17063492063494,18,234.8584229390681,18,249.1904761904762,8,620.375,14,528.2142857142857,31,210.06451612903226,7,248.28571428571428,1.9979424328495068,1.7252284362646617,0.8944304125874659,0.9963691954901586
08MG025,19,3.2865789477762424,19,3.200225566114698,19,2.444354835815462,19,3.1154887174305164,8,6.197499990463258,14,5.124285697937013,31,2.6077419404060613,7,3.69000005722046,1.8856994123499136,1.6012264110989716,1.0668426294728572,1.184404885363786
08MG026,17,10.223823561387904,17,9.545924391065324,17,6.115445927831661,17,8.027058855826112,8,26.512500047683726,14,18.840714318411695,31,5.089677372286396,7,10.0700001035418,2.5932079019646737,1.973691970161213,0.8322659430480863,1.2545068230355507
08MH001,20,120.65750005245208,20,113.02821427072796,20,36.17967745873236,20,118.50428552627564,8,147.75,14,123.17857088361468,31,25.058064429990697,7,97.58571461268834,1.2245405377682308,1.0898037421751559,0.6926005478786451,0.8234783592788374
08MH002,21,4.55172620571795,21,4.068027223454041,21,3.0695698947950443,21,4.624625831234211,8,4.637500017881395,14,3.6728571483067114,31,3.062258058978665,7,6.488571575709757,1.0188442380509828,0.9028595303224637,0.9976179608000529,1.4030479032242267
08MH005,20,3.3101249992847444,19,3.3044736815574476,20,3.1006028230632503,19,3.697330827402291,8,3.1074999868869786,14,3.04928571837289,31,2.9096774593476322,7,3.6571428435189386,0.9387862958524076,0.9227750051063249,0.9384231471714288,0.9891305415286334
08MH024,14,NA,14,NA,0,NA,20,8065.7904761904765,8,9642.5,14,9595.714285714286,NA,NA,6,8221.666666666666,NA,NA,NA,1.0193255938071195
08MH056,19,19.96730272393478,19,18.51665419026425,19,5.7296264817233,19,17.936466152506664,8,30.149999618530277,14,22.99285697937012,31,3.505161300782234,7,16.995713983263258,1.5099685738920317,1.2417392874064355,0.6117608734117667,0.9475508630716573
08MH103,19,68.29802614764164,19,64.87330821761512,19,20.881544988305137,19,65.79473673311392,8,90.10000038146973,14,74.9285717010498,31,14.648064551814906,7,56.05714253016882,1.3192182184987042,1.1549984694738347,0.7014837532385014,0.8520004078374211
08MH141,21,8.86562505328939,21,8.155095264416973,21,2.6631520774141064,21,8.834074869042354,8,12.1075000166893,14,9.157142877578735,31,0.9424516077964535,7,16.225714206695557,1.3656679527854707,1.1228738084193797,0.35388576408733086,1.8367191185526464
08MH147,20,67.73770826657613,19,64.27593988404239,19,29.85619696696464,19,60.16842093503565,8,104.51249980926514,14,84.83571434020996,31,22.796774187395652,7,79.44285692487445,1.542899848308491,1.319867348392861,0.7635525118158848,1.3203413965383863
08NA002,21,355.61309523809524,21,355.36734693877554,21,166.80645162462272,21,316.99319727891157,8,499.875,14,505.07142857142856,31,150.38387101696384,7,336.14285714285717,1.4056709572669601,1.4212657210130362,0.90154708976955,1.060410318039401
08NA006,20,137.64999995231628,20,130.8596428189959,20,60.45435480610017,20,125.40071427481514,8,257.25,14,229.5,31,55.43870962819746,7,136.52857099260603,1.868870323931091,1.7537874554452417,0.917034179026643,1.0887383838452804
08NA011,21,116.83809530167352,21,111.75612248531004,21,49.2577573685419,21,103.26258507553412,8,216.125,14,178.78571428571428,31,47.34838694910849,7,115.07142857142857,1.8497819520420096,1.5997845156914337,0.9612371630087078,1.1143574266251088
08NB005,20,527.9125,20,522.3428571428572,20,255.79193548387096,20,485.67857142857144,8,812.75,14,791.4285714285714,31,233.70967741935485,7,512.5714285714286,1.539554376909052,1.5151515151515151,0.913671015379183,1.0553717185087137
08NB012,21,54.1196429615929,21,52.3744897582904,21,29.329185855004095,21,47.22176887875512,8,111.90000057220459,14,95.72857202802386,31,27.538709486684485,7,54.25714302062988,2.067641145593231,1.8277709715133006,0.9389524012984451,1.1489858238885233
08NB014,20,60.810625052452096,20,59.39535720688957,20,34.511290365649806,20,49.08000012806483,8,116.96249961853027,14,94.58571352277484,31,33.97741933022776,7,51.057142802647185,1.9233892024238277,1.5924765498641258,0.9845305397229243,1.040284080469099
08NB016,19,5.452828931181053,19,5.1437969826217875,19,1.8726332791794744,19,5.247744373809126,8,6.0262500047683725,14,5.599285704748971,31,1.1000967756394415,7,4.19714287349156,1.105160290341828,1.0885510691160718,0.587459802124988,0.79979941371363406
08NC004,20,43.187500011920925,20,43.03035721097674,20,35.30596770471142,20,33.72285717555455,8,95.37500047683716,14,82.05714307512557,31,37.851612890920336,7,29.314285278320302,2.2083936428483026,1.90695937458296,1.0721024051089587,0.8692705106722098
08ND012,21,124.02321431750345,21,117.35748291015624,21,47.05606749749953,21,108.79251703275304,8,222.125,14,179.14285714285714,31,40.36774186165101,7,102.05714307512555,1.7909953489138961,1.5264715355219496,0.8578647559912668,0.9380897313406239
08ND013,21,166.83630952380952,21,158.79557823648258,21,67.04562210926811,21,146.0414965363587,8,303.375,14,240.85714285714286,31,50.44193538542716,7,151.98571450369698,1.8183991294575166,1.5167748720210081,0.7523524101725693,1.0407022531836245
08NE049,21,3022.3809523809523,21,3057.3469387755104,21,2447.8187403993857,21,2911.56462585034,8,2835,14,2970,31,2460.3225806451615,7,2368.5714285714284,0.9380022057665038,0.9714304786062345,1.0051081561062547,0.8135046728971963
08NF001,20,17.652562505006788,20,15.870250008787428,20,3.642209678119229,20,16.622714315141952,8,16.687500119209286,14,13.727142947060722,31,2.585161262942899,7,15.392857142857135,0.9453301816365878,0.8649607245922365,0.7097782641327308,0.9260134567093825
08NG002,21,83.05476190930321,21,74.63163258429287,21,18.760476217841223,21,88.8489796774728,8,64.72499942779541,14,54.521428244454526,31,16.267741972400298,7,75.80000114440918,0.779305098706753,0.7305404740124795,0.8671284131332266,0.8531330513818819
08NG065,21,566.75,21,519.2244897959183,21,141.45115208076442,21,540.6598639455782,8,564.25,14,482.35714285714283,31,115.23548372330204,7,487.14285714285717,0.9955888839876489,0.9289953619998428,0.8146662789816373,0.9010153880997019
08NH005,20,45.37624996304512,20,41.23428571224213,20,9.115225802698442,20,39.764357171739846,8,47.07499980926514,14,37.592857224600664,31,6.950967788696289,7,40.81428527832031,1.037436981848511,0.9116893035797065,0.7625667141058148,1.026403749016887
08NH007,18,180.08888891008166,18,171.9519841330392,18,50.091935554285634,18,175.4357142372737,8,257.375,14,220.92857142857142,31,35.95483884503765,7,170.75714329310824,1.429155355211877,1.2848271134669726,0.71777699238778,0.9733317074889452
08NH118,21,193.52142856234596,21,189.65340135535416,21,209.9181259846724,21,192.13673468349745,8,284.875,14,313.85714285714283,31,193.3548387096774,7,195.28571428571428,1.4720592035533835,1.6548985708358994,0.9210964408275806,1.0163892636533252
08NH119,21,200.94226187751408,21,192.9768707379192,21,84.51781867945799,21,166.71156466737085,8,347.75,14,285.64285714285717,31,71.97741933022776,7,193.85714285714286,1.7305966238798174,1.4801921911708638,0.8516241954043927,1.162829604796367
08NH132,20,12.766874980926511,20,11.614750005517688,20,2.6821774257767586,20,10.330071422031947,8,14.425000071525588,14,11.21500001634871,31,2.0512903159664524,7,11.28285731588092,1.1298771307055397,0.9655825576117374,0.7647854673045721,1.0922342019646518
08NH138,20,1.0810000035911798,20,1.0089642866381576,20,0.3475354842120601,20,1.0709428576486448,8,1.2452499940991402,14,1.258500001260212,31,0.21751612953601351,7,0.7152857056685857,1.151942636412865,1.247318679091706,0.6258817859395588,0.6679027742330365
08NJ013,21,282.6904761904762,21,260.6051020460064,21,59.71751143342705,21,288.7000000103801,8,243.25,14,216.07142857142858,31,40.08387085699266,7,244.57142857142858,0.8604817653499537,0.8291143453257643,0.6712247361760557,0.8471473105737274
08NK002,21,126.92857136045184,21,113.988775421973,21,34.93978495385423,21,136.42516993827562,8,109.39999961853027,14,95.4999989100865,31,34.503225572647594,7,117.2999997820173,0.861902079618119,0.8378017796625744,0.987505378702725,0.859812011486507
08NK016,21,79.70476194790432,21,71.79897963595228,21,22.804301061205415,21,81.3782311783356,8,64.81249999999999,14,57.842857088361455,31,21.435483809440363,7,59.82857077462333,0.8131571867984747,0.8056222718156498,0.9399754788322069,0.7351913393584648
08NL007,20,47.20056269168854,20,40.91135724101748,20,6.05424193297663,20,61.37849998133523,8,48.637499332427964,14,37.028571128845215,31,4.5787096792651765,7,59.00714329310826,1.030443209970301,0.9050927083817351,0.7562812536984307,0.9613650270217081
08NL038,20,86.44874997138977,20,75.23535710062299,20,10.960758065792822,20,119.16357138497489,8,85.42500019073486,14,64.27857181004117,31,8.433225770150461,7,117.10000010899135,0.9881577260400675,0.8543665410409663,0.7694016891468046,0.9826828681618069
08NL069,20,19.56050002872944,20,17.145607146195,20,2.8949161346881622,20,24.29078569923128,8,19.237500190734863,14,14.44785724367414,31,1.8383870932363697,7,21.552857398986838,0.9834871379811267,0.8426564962373144,0.635039844922623,0.8872853132811144
08NL070,20,17.304750062525272,20,15.094785783972055,20,2.091941935977628,20,22.628285694973812,8,16.683750033378594,14,12.418571438108167,31,1.778387092774914,7,22.374285289219465,0.9641138978082382,0.8227060400747425,0.8501130276083975,0.988775092855984
09AA006,18,112.95069440205891,18,121.37261902339874,18,250.2150537634409,18,89.52460325331914,8,213.375,14,235.5,31,340.38709677419354,7,145.57142857142858,1.8890986118285475,1.9403058275820784,1.3603781693167165,1.6260494130258152
09AA012,18,26.52430550257365,18,26.23611108462016,18,12.51706092930182,18,29.79047623134795,8,66.77499961853027,14,56.0285712650844,31,16.03225806451613,7,54.18571499415807,2.517502281522549,2.1355516861616297,1.2808324697841336,1.8188938831779895
09AA013,18,48.6243056986067,18,46.141666722676106,18,22.610035792046553,18,51.119047846112935,8,136.75,14,126.81428582327706,31,30.08064522281769,7,104.07142857142857,2.8123794887197433,2.7483681199785264,1.3304112164828614,2.0358639872307815
09AC001,18,176.59722222222223,18,180.2063492063492,18,149.4336917562724,18,133.2690476008824,8,334,14,347.2857142857143,31,167.3548387096774,7,179,1.8913094769956744,1.9271558178455035,1.1199270843327256,1.3431475891992104
09BA001,20,134.65437502861022,20,133.79000005722045,20,79.53032263786562,20,200.0757143293108,8,206.75,14,184.21428571428572,31,145.58064516129033,7,271.2999997820173,1.5354124212902218,1.3768912895993675,1.8305048984169106,1.3559866608071995
09BC001,20,863.30625,20,841.75,20,516.2822580645161,20,1175.0357142857142,8,1256.25,14,1120.7142857142858,31,853.9354838709677,7,1499.142857142857,1.455161479486567,1.3314099028384743,1.6540089660881925,1.2758274824473421
09BC004,20,471.175,20,455.8928571428572,20,250.95290323072865,20,640.3642857142858,8,664,14,587.3571428571429,31,437.741935483871,7,789.8571428571429,1.409242850321006,1.2883666274970622,1.7443190728158526,1.2334497105442215
09CA004,19,24.664539371143302,18,24.208690432329025,18,21.201505328592003,19,19.55674171358123,8,38.44999980926514,14,33.199999945504324,31,26.09677413202101,7,25.957142966134214,1.5589182198249512,1.371408339427069,1.2308925110533226,1.327273394836943
09CD001,20,2608.5625,20,2565.75,20,1847.6290322580649,20,2838.1428571428573,8,4148.75,14,3988.5714285714284,31,2629.6774193548385,7,3754.285714285714,1.590435345137408,1.5545440625826477,1.423271324190549,1.322796597372527
09DB001,19,121.81578957407098,19,117.36165416688848,19,84.96095069276457,19,193.39097744360905,8,117,14,99.99285725184849,31,78.78064543201077,7,208.87142835344588,0.960466622669283,0.8520062022102932,0.9272571079965549,1.0800474309322459
09DD003,18,1097.7916666666667,19,1054.358082706767,19,766.3701188455009,18,1594.6746031746031,8,1381.25,14,1243.7142857142858,31,828.6451612903226,7,1609,1.2582077655900101,1.1795938269106832,1.081259747625124,1.0089832726983163
10AA001,19,993.6842105263158,19,929.3345864661654,19,453.151103565365,19,1256.5864661654136,8,1641.25,14,1452.857142857143,31,597.8064516129032,7,1794.142857142857,1.6516816737288136,1.5633305421050716,1.3192209991532597,1.4277910079820015
10AB001,20,471.10625,20,443.4071428571429,20,222.19354838709677,20,572.4,8,753,14,669.7142857142857,31,321.741935483871,7,687.5714285714286,1.5983655491728246,1.510382267184303,1.4480255516840883,1.2012079464909653
10BE001,19,3097.6315789473683,19,2947.1428571428573,19,1455.4753820033957,19,3815.7894736842104,8,4751.25,14,4332.142857142857,31,1558.3870967741937,7,4414.285714285715,1.5338331492651431,1.4699466795928258,1.0707065993992593,1.1568472906403942
10BE004,20,134.9025001525879,20,130.95750006267002,20,66.57903231343916,20,136.79214289528983,8,215.25,14,205.57142857142858,31,67.43870962819746,7,119.62857164655414,1.595596818120726,1.5697568178458805,1.0129121329176298,0.8745280914133067
10CB001,20,78.27687510252,20,74.1107143674578,20,30.21516121741264,20,89.22928555352348,8,95.58749961853027,14,90.65714263916016,31,23.087096737277122,7,68.12857164655414,1.2211460855244718,1.2232663443191412,0.7640898081315648,0.7635225500677998
10CD001,20,605.26875,20,599.1892857142857,20,338.5790322580645,20,585.9357142857143,8,716.125,14,776.7857142857143,31,371.0967741935484,7,465,1.1831521121815722,1.296394533089353,1.096041806601594,0.7936024185978471
10EA003,19,243.58421049619977,19,233.3067669402388,19,148.45653644037165,19,277.0022556620433,8,242.5,14,213,31,149.32258064516128,7,260.85714285714283,0.9955489294893493,0.9129610889278649,1.005833654923894,0.941714868832699
10EB001,19,681.0526315789474,19,649.7255639097745,19,399.3429541595925,19,856.609022556391,NA,NA,NA,NA,NA,NA,NA,NA,NA,NA,NA,NA
10ED001,20,5200.5625,20,5050.636904761905,20,2599.8064516129034,19,5988.270676691729,8,7090,14,7381.428571428572,31,2812.2580645161293,7,5995.714285714285,1.3633140645843598,1.4614847019529598,1.0817182420527582,1.001243031490131
10ED002,21,6971.964285714285,21,6778.401360544218,21,3743.21044546851,21,7692.1768707483,8,10253.75,14,10312.857142857143,31,4134.5161290322585,7,8454.285714285714,1.4707117793202367,1.521429109064907,1.1045374523458757,1.0990758346230376
10GC001,20,13932.5,20,13711.678571428572,20,9557.629032258064,20,14626.071428571428,8,20137.5,14,20150,31,13183.870967741936,7,18514.285714285714,1.4453615646868831,1.4695502009496595,1.379408106680527,1.265841330305472
10HA004,21,354.1607142857143,21,339.7687074829932,20,234.2693548387097,21,498.55102040816325,8,452.5,14,375.85714285714283,31,314.7741935483871,7,510.14285714285717,1.2776685322442394,1.10621471188884,1.3436422094776483,1.0232510540750748
10HB005,18,435.1875,18,447.5824514991182,18,353.4653838898321,19,497.9949874686717,8,330.75,14,281.07142857142856,31,228.67741935483872,7,389.57142857142856,0.7600172339508833,0.6279768736017621,0.6469584569732938,0.7822798188223452
10LA002,18,310.53263892067804,18,334.48690478007,17,336.2618595825427,18,403.27777777777777,8,369.75,14,321.57142857142856,31,266.6774193548387,7,722,1.1906960932839281,0.961387199247356,0.7930647254669602,1.7903292464526794
10LC014,20,18414.375,20,18256.071428571428,20,13346.951612903224,20,19401.428571428572,NA,NA,NA,NA,NA,NA,NA,NA,NA,NA,NA,NA
10MC002,18,1233.7291666666667,18,1261.0833333333333,18,1136.2776998597476,18,1756.1825396825398,NA,NA,NA,NA,NA,NA,NA,NA,NA,NA,NA,NA
