station,june_ratio,aug_ratio,cat0.0005g0.20s,cat0.0005g0.25s,glacier_prop,glacier_Area,temp_change,snow20,snow40,ice20,ice40,air_anom_mean,air_anom_max,surface_anom_mean,surface_anom_max
05AD003,0.6977034165659433,0.7028536672565483,"glacier, low snow","glacier, low snow",0.00558964943385906,3424647.555,6.540000915527344,0.03798990141861024,0.011300793459966338,0.4090909090909091,0.2727272727272727,8.967957496643066,12.389208793640137,7.869135856628418,12.421635627746582
05AD005,0.665643950063832,0.7289328540547402,"glacier, low snow","glacier, low snow",0.014808509312409693,4727313.227,6.649999618530273,0.04413731609451627,0.008916629514043692,0.3448275862068966,0.20689655172413793,8.809268951416016,12.353017807006836,5.899399280548096,9.41189956665039
05AD007,0.15764440385373868,0.7107745422998756,"no glacier, low snow","no glacier, low snow",0.00114159096095964,19459082.783,4.939998626708984,0.004895139648146307,0.0014826226683894907,0.5128205128205128,0.37606837606837606,9.457926750183104,12.875425338745115,10.699406623840332,15.629406929016112
05AD041,0.10792940192562496,0.40271476129861683,"glacier, low snow","glacier, low snow",0.007239528516480406,4727313.227,6.500001907348633,0.021489038419795964,0.004341219882787063,0.3448275862068966,0.20689655172413793,8.887348175048828,12.913599014282228,7.871528148651123,12.3140287399292
05AE006,0.13608681311454507,0.90349018466434,"no glacier, low snow","no glacier, low snow",0.0032057091614960567,11307122.001,5.969999313354492,0.011177953011950247,0.004430534102918462,0.6212121212121212,0.48484848484848486,9.504969596862791,13.601219177246094,10.555066108703612,17.807565689086914
05AG006,0.19025708891849719,0.7203926774280985,"no glacier, low snow","no glacier, low snow",7.067974434819749e-4,19459082.783,5.209999084472656,0.0030123552438427663,9.12371554395694e-4,0.5128205128205128,0.37606837606837606,9.357834815979004,12.741585731506348,12.02072048187256,17.038219451904297
05AJ001,0.2988096146016585,0.5010950658675507,"no glacier, low snow","no glacier, low snow",0.0013815052071141653,77873556.3,6.229999542236328,0.010932512287385772,0.004917415477306792,0.8833034111310593,0.8078994614003591,9.433201789855955,13.885701179504396,8.109577178955078,14.59957790374756
05BA001,1.8019249045991859,0.9711205506601934,"glacier, high snow","glacier, low snow",0.06592010023578411,27846853.514,11.919998168945313,0.3760627861347286,0.2446043165467626,1,0.9906542056074766,15.219816207885742,19.937314987182617,11.232802391052246,15.127802848815918
05BA002,1.378999854094601,0.8755721708114005,"glacier, low snow","glacier, low snow",0.018554224221474,5679885.916,11.869998931884766,0.26608695652173914,0.12,1,0.95,15.173688888549805,19.881187438964844,10.817971229553224,14.497971534729004
05BB001,1.5071862747192863,0.9246163753822993,"glacier, low snow","glacier, low snow",0.01982306625396515,43800923.009,9.930002212524414,0.1756996754240921,0.09216730969440871,0.9880239520958084,0.9610778443113772,13.602195739746094,17.743446350097656,9.7598114013671875,13.594097137451172
05BC001,0.8126324423153534,0.7403860681895345,"glacier, low snow","glacier, low snow",0.005717760625658238,4291535.156,9.840002059936523,0.05767459001289847,0.019163442049014188,0.96875,0.875,13.527652740478516,17.65265464782715,11.557867050170898,14.863581657409668
05BH004,1.0476557510893798,0.9022216565535359,"glacier, low snow","glacier, low snow",0.007424130637249209,58414473.516,5.279998779296875,0.06659628597635901,0.031480936640071996,0.9818181818181818,0.9227272727272727,11.301342010498049,14.842591285705566,6.940305233001709,13.212804794311523
05BM002,0.6297391270511826,0.5989107381844982,"no glacier, low snow","no glacier, low snow",0.0037290832680836675,58414473.516,4.569999694824219,0.03349103369105804,0.01581931713425982,0.9818181818181818,0.9227272727272727,10.816646575927734,14.161645889282228,9.697705268859863,14.132704734802246
05BM004,0.36918516661331396,0.3611157288160577,"no glacier, low snow","no glacier, low snow",0.002884249363087638,58414473.516,4.630001068115234,0.02592340780731456,0.012244788055441493,0.9818181818181818,0.9227272727272727,10.039725303649902,13.508477210998535,11.128576278686523,15.213576316833496
05BN012,0.3689251908104517,0.3875841287470519,"no glacier, low snow","no glacier, low snow",0.002310881316280139,58414473.516,5.3000030517578125,0.020866182263474156,0.009856033637304465,0.9818181818181818,0.9227272727272727,9.401432991027832,13.13518524169922,11.732431411743164,19.00743103027344
05CA004,1.158749709685451,0.7257381058826826,"glacier, low snow","glacier, low snow",0.01778510908541668,16742294.724,9.540000915527344,0.05880681818181818,0.03792613636363636,0.9921259842519685,0.937007874015748,14.125762939453123,17.954513549804688,10.821431159973145,15.230002403259276
05CA009,0.9149628485005548,0.8397145335192954,"glacier, low snow","glacier, low snow",0.007455258561644464,16742294.724,7.64000129699707,0.024989562831752847,0.015924136697083556,0.9921259842519685,0.937007874015748,12.167622566223145,16.05512237548828,7.804821968078613,13.712322235107422
05CC002,0.5269433328317744,0.5753726626360257,"no glacier, low snow","no glacier, low snow",0.0014422016891515563,16742294.724,4.849998474121094,0.004818972259281409,0.0030708009384919723,0.9921259842519685,0.937007874015748,10.015701293945313,13.00819969177246,6.658198356628418,10.72319793701172
05CE001,0.5040322028031948,0.5084321132670998,"no glacier, low snow","no glacier, low snow",6.733190871822562e-4,16742294.724,4.840000152587891,0.002340295038574518,0.001436456954711256,0.9921259842519685,0.937007874015748,10.488323211669922,14.25832176208496,9.61643886566162,15.222153663635254
05CK004,0.401857525646665,0.478748770830555,"no glacier, low snow","no glacier, low snow",3.498951818951447e-4,16742294.724,5.3300018310546875,0.0012327610470025331,7.5147762454264e-4,0.9921259842519685,0.937007874015748,9.448080062866213,13.874330520629885,10.196616172790527,16.761615753173828
05DA007,1.9156670629983579,0.9889523677382532,"glacier, high snow","glacier, high snow",0.09031018331423975,22400903.085,12.310001373291016,0.40765027322404374,0.26939890710382514,1,0.967741935483871,15.993049621582031,20.830549240112305,10.49047565460205,15.747976303100586
05DA009,1.9657822272942322,1.0892172318714572,"glacier, high snow","glacier, high snow",0.12540703486025093,241184489.974,10.429998397827148,0.40985768830267266,0.3021867407150295,0.9899888765294772,0.9710789766407119,14.140823364257813,18.73457145690918,9.769916534423828,14.007416725158691
05DB006,0.9229617825499785,0.749688999744139,"no glacier, low snow","no glacier, low snow",0.0039881958579370816,8984440.616,5.920000076293945,0.019167256428402925,0.009200283085633405,0.9701492537313433,0.9552238805970149,10.884116172790527,14.065366744995115,6.1364426612854,9.658943176269531
05DC001,0.7660010607533753,1.3304193322578237,"glacier, low snow","glacier, low snow",0.024592412284063756,270682547.581,6.060001373291016,0.0996232884982251,0.06548984569317332,0.9895936570862239,0.964816650148662,10.89914608001709,13.974146842956545,7.626413345336914,10.681413650512695
05DD007,1.2741841151656101,0.8671904710959288,"glacier, low snow","glacier, low snow",0.007734173477608488,20120386.82,9.64000129699707,0.07117312245000755,0.030423613559663526,0.9751552795031055,0.8819875776397516,14.096096992492676,18.491098403930664,9.79141616821289,15.79891586303711
05DF001,0.5976181060444742,1.026814695508143,"glacier, low snow","glacier, low snow",0.01035032370564264,290802934.304,7.009998321533203,0.045389997797284566,0.028250997080230395,0.9885268471776044,0.9586966498393759,10.932012557983398,14.518260955810549,8.234416961669922,13.05691623687744
07AA001,1.555087458166292,0.7239928955462878,"no glacier, low snow","no glacier, low snow",0.0047892788914721185,3010165.425,10.909997940063477,0.20990712074303405,0.10402476780185758,1,0.95,14.102072715759276,18.513320922851563,11.979462623596191,15.922319412231444
07AA002,1.8005239859065858,0.9954892735492925,"glacier, high snow","glacier, low snow",0.06864152734817534,265828004.695,10.780000686645508,0.3167957076881282,0.21505704971475142,0.9815920398009951,0.9601990049751243,13.980030059814451,18.37128257751465,10.411073684692385,14.353930473327637
07AD002,1.6804928082719695,0.9754575163398692,"glacier, low snow","glacier, low snow",0.03308962144165985,323112664.537,10.93000030517578,0.1938805570433851,0.1218130690948045,0.9820700896495518,0.9494702526487367,13.893506050109863,18.491004943847656,11.542218208312988,15.725075721740724
07BE001,0.9933844978469235,0.709545935190153,"no glacier, low snow","no glacier, low snow",0.004331136200459388,323112664.537,7.090000152587891,0.026642570917648357,0.015701286216841068,0.9820700896495518,0.9494702526487367,10.530914306640623,14.052164077758787,9.130845069885254,14.450844764709473
07DA001,0.9954532262745477,0.6727167435143714,"no glacier, low snow","no glacier, low snow",0.0024370229948634074,323112664.537,11.80000114440918,0.015088721567481637,0.008773160740682361,0.9820700896495518,0.9494702526487367,10.0285062789917,16.66350746154785,6.87436056137085,12.624360084533691
07EA004,1.5436938392502577,0.8846135502094509,"no glacier, low snow","no glacier, low snow",6.650361360543923e-5,275656.323,9.149999618530272,0.08378201293336753,0.028516081246617097,1,1,10.276249885559082,16.011249542236328,11.987959861755373,15.595959663391112
07EA005,1.5078627828279478,0.9364998251795271,"glacier, low snow","glacier, low snow",0.006079772083554654,95027323.779,9,0.11981143721260377,0.0645850692837083,0.9967105263157895,0.9769736842105263,9.712041854858398,14.953292846679688,9.512598037719728,13.079265594482422
07EA007,2.0213288159876552,0.8894705221445453,"glacier, low snow","glacier, low snow",0.015406728135254988,26015465.491,9.059999465942385,0.15693534605525492,0.07640273426374253,1,0.9873417721518988,10.037012100219728,15.25701141357422,12.967426300048828,14.4224271774292
07EB002,1.7072143397572466,0.8075703009712166,"no glacier, low snow","no glacier, low snow",8.631381632383043e-6,18927.943,8.69999885559082,0.11319937171640579,0.03244326490819477,1,0.5555555555555556,10.279786109924316,15.957284927368164,9.9410247802734375,13.454358100891112
07EC004,1.4826977120712364,0.7012498049272726,"no glacier, low snow","no glacier, low snow",0.0014610229869460038,2845653.571,9.979999542236328,0.1313800792864222,0.0753221010901883,0.9545454545454546,0.9545454545454546,11.570762634277344,17.94451141357422,6.04583740234375,12.650836944580078
07EE007,1.466267898063737,0.8959955929613126,"no glacier, low snow","no glacier, low snow",0.0030116325559937543,14847045.755,9.389997482299805,0.11325806370134626,0.051602636962946126,1,1,11.65246868133545,16.758716583251953,9.72515869140625,14.730158805847168
07FA004,1.7640090646889164,0.6506902037255606,"no glacier, low snow","no glacier, low snow",0.0017080492440643303,148865164.299,8.719999313354492,0.06289269999731789,0.028197465545449798,0.9968911917098445,0.9813471502590674,9.93344497680664,14.64969539642334,6.6953864097595215,7.892053127288818
07FA006,0.8171274846598798,0.7603522091869557,"no glacier, low snow","no glacier, low snow",1.764781163901447e-4,1648615.368,8.94999885559082,0.010832708939207295,0.003276481719009944,1,1,10.429176330566406,15.566675186157228,10.079360008239746,12.98269271850586
07FB001,1.1451356993736952,0.6662246409350016,"no glacier, low snow","no glacier, low snow",0.0012064682616365404,14630153.967,9.509998321533203,0.04489592953043972,0.018408954830067284,0.992,0.968,10.835945129394531,15.959693908691406,8.87744140625,12.768869400024414
07FB002,1.3567764399843352,0.8532429732398777,"no glacier, low snow","no glacier, low snow",0.0025666145471989754,14246052.313,9.720001220703123,0.05470215236223989,0.029204251138697866,1,0.9836065573770492,11.17756175994873,16.51006317138672,8.944894790649414,15.04489517211914
07FB003,1.401567638938995,0.625512547647186,"no glacier, low snow","no glacier, low snow",1.4806979441649135e-4,384109.401,9.499998092651367,0.06903745851114272,0.021431958274063537,0.6666666666666666,0.3333333333333333,11.21771240234375,16.398962020874023,10.823184967041016,15.668898582458496
07FB006,1.5653946772649772,0.9308234048726338,"glacier, low snow","glacier, low snow",0.00602067864095082,14246052.313,10.470001220703123,0.12188818565400844,0.06777426160337553,1,0.9836065573770492,11.98707389831543,17.7883243560791,13.264098167419434,18.438383102416992
07FD002,1.7812746850704693,0.6519950399239763,"no glacier, low snow","no glacier, low snow",0.0016226352853906034,163495318.297,8.829998016357422,0.05978783661710491,0.026598549769281478,0.9963302752293578,0.9798165137614679,9.930243492126465,14.61399269104004,6.796003341674805,8.346003532409668
07FD010,1.5128617690788,0.6591643123478683,"no glacier, low snow","no glacier, low snow",0.001346570311230502,163495319.391,8.680000305175781,0.04932884419439153,0.021937914564060846,0.9963302752293578,0.9798165137614679,9.803842544555664,14.552593231201172,8.266059875488281,12.741059303283691
07GA001,1.7375799912070735,0.9621213355233362,"glacier, low snow","glacier, low snow",0.029072935383466152,112636242.397,11.419998168945313,0.2141983268855603,0.13970174916509606,0.9954545454545455,0.9852272727272727,13.60362720489502,18.71487617492676,11.290735244750977,17.87073516845703
07GB003,0.8568978032725373,0.42536794478526924,"no glacier, low snow","no glacier, low snow",9.225197474237211e-4,3109766.281,11.329999923706056,0.035473226338683064,0.015974201289935503,1,0.9583333333333334,13.348383903503418,18.908384323120117,10.469316482543944,17.36074447631836
07GE001,0.9358240891087607,0.9205065029590856,"no glacier, low snow","no glacier, low snow",5.249666559909336e-4,5911659.572,11.700000762939451,0.017982150559039182,0.006867721707972529,1,0.9166666666666666,11.82109832763672,18.66984748840332,9.572951316833496,15.280451774597168
07GJ001,0.906722385595625,0.585730293044539,"no glacier, low snow","no glacier, low snow",0.002417892661568691,121657668.297,10.229999542236328,0.02440220082667868,0.013833554394809992,0.9957446808510638,0.9819148936170212,9.66554832458496,15.023048400878906,7.826677799224853,11.97467803955078
07HA001,1.2769536626395472,0.6374577197980604,"no glacier, low snow","no glacier, low snow",0.0015107973288685853,293660086.74,9.029998779296877,0.03723114228869678,0.017341847568900167,0.9961538461538462,0.98125,8.931036949157715,13.95728588104248,7.493924140930176,11.03106689453125
07KC001,1.1272884137872985,0.7373255541639706,"no glacier, low snow","no glacier, low snow",9.776938040024822e-4,293660086.74,8.899999618530273,0.023795242965495046,0.011056538273918405,0.9961538461538462,0.98125,7.287317276000977,13.323566436767578,4.854812145233154,9.603384017944336
08CG001,2.1459511010000374,0.9692033188783263,"glacier, high snow","glacier, high snow",0.12250739959338082,1163876613.438,6.829999923706055,0.3583432056513536,0.3065976335688064,0.9715234931181775,0.9672520170859041,4.785579204559326,10.829328536987305,4.123020172119141,5.858019828796387
08DB013,2.084367237408818,0.9549205544122676,"no glacier, low snow","no glacier, low snow",3.359786524309763e-5,873.548,8.399999618530273,0.2182741116751269,0.17766497461928935,1,1,7.89390230178833,13.847652435302734,10.72650146484375,11.586501121520996
08EB004,1.8918706659950628,0.7384214681443327,"no glacier, low snow","no glacier, low snow",0.0021336998683201634,4002094.408,8.790000915527344,0.06959938258612222,0.05626885567950607,1,1,10.092164039611816,16.855915069580078,8.728607177734375,11.932607650756836
08EC013,0.9877072194991643,0.8404067369283622,"no glacier, low snow","no glacier, low snow",1.72166914881495e-4,1163977.778,9.719999313354492,0.011590117075844786,0.0027996397666314263,0.8571428571428571,0.8571428571428571,10.99301815032959,17.655517578125,11.267230987548828,16.387231826782227
08ED001,2.0286007062940303,0.9161465768393746,"glacier, high snow","glacier, high snow",0.028072853596442363,20546941.484,9.520000457763672,0.40575253256150506,0.30716353111432704,1,0.9861111111111112,8.563231468200684,12.991981506347656,11.119636535644531,15.536779403686523
08ED002,1.6364577126908963,1.0110790612529368,"glacier, high snow","glacier, high snow",0.04659405240275566,88371154.89,9.829999923706056,0.37547072288267,0.2824337296020084,1,0.9932432432432432,9.260702133178713,14.116950988769531,10.265332221984863,14.325331687927246
08EE008,1.5587728093473365,0.710503720851051,"no glacier, low snow","no glacier, low snow",0.004142370721171758,518162.131,10.059999465942385,0.0874751491053678,0.027833001988071572,1,1,10.197622299194336,16.00387191772461,8.392656326293945,12.521227836608888
08EE020,2.1472753371187348,0.9375424725732924,"glacier, high snow","glacier, high snow",0.06097472287650625,22380983.631,10.25,0.41511461318051573,0.3022922636103152,1,0.9851851851851852,9.293109893798828,14.79185962677002,8.554688453674316,13.491830825805664
08EF001,1.767700024669024,0.790672688666996,"glacier, low snow","glacier, low snow",0.008469322916351746,358304397.995,9.289999008178713,0.16169073032936662,0.11742436953000357,0.9977905435262925,0.9916040653999116,9.017499923706056,14.944997787475586,6.64160680770874,8.689606666564941
08EF005,2.2258734192193117,0.9133370866710244,"glacier, high snow","glacier, low snow",0.032538347401516024,92637172.841,9.599998474121094,0.2777702304940452,0.21228999683014083,0.9947460595446584,0.9824868651488616,9.174847602844238,15.02984619140625,6.502222537994385,11.50793743133545
08EG012,2.217976015184548,1.0075339249259716,"glacier, high snow","glacier, high snow",0.08654168330789323,32011317.09,9.3600006103515625,0.38118214716525933,0.3691194209891435,0.9943502824858758,0.9943502824858758,6.864573001861572,12.510824203491213,2.9030404090881348,7.139040470123291
08FA002,2.1847027318774392,0.9119509930287029,"glacier, high snow","glacier, high snow",0.15132379185517067,590504923.664,8.75,0.45617921326235306,0.3838650898567294,0.9828066914498141,0.9702602230483272,8.39570140838623,13.89695167541504,9.242188453674316,12.788854598999023
08FB004,1.874131823031318,0.8801717513835423,"glacier, high snow","glacier, high snow",0.019794945811434844,3137768.761,9.599998474121094,0.3441127694859038,0.25787728026533996,0.8461538461538461,0.8461538461538461,11.473719596862791,16.133718490600586,9.1834564208984375,13.68631362915039
08FB006,1.8159526369992574,0.9930715129285673,"no glacier, low snow","no glacier, low snow",0.0036460456476675256,9301045.241,9.760002136230469,0.11245555378655203,0.05153107254683437,0.9852941176470589,0.8676470588235294,9.287439346313477,14.09994125366211,10.469416618347168,14.469416618347168
08FE003,2.4730815947760196,1.0019776499346642,"glacier, high snow","glacier, high snow",0.08773451502670555,48763244.412,8.8899993896484375,0.4620453347390617,0.41934633632050605,0.9969325153374233,0.9938650306748467,10.169116020202637,15.004115104675291,4.249725818634033,9.172582626342772
08FF001,2.39460534964292,0.9409606191528697,"glacier, low snow","glacier, low snow",0.02223607901007282,44336152.661,9.450000762939451,0.14677490127248793,0.12117887962556677,0.982078853046595,0.967741935483871,8.778658866882324,14.337409973144531,6.45891809463501,9.53091812133789
08FF002,2.5330562645111603,0.9357128476761,"glacier, low snow","glacier, low snow",0.006790760148909111,2398142.144,9.509998321533203,0.09911504424778761,0.07654867256637168,0.875,0.875,8.823444366455078,14.34344482421875,8.517194747924805,11.24719524383545
08FF003,2.4891344009215133,0.8320109547649357,NA,"no glacier, low snow",0.0028546940892067696,512700.742,9.489997863769531,0.268630849220104,0.2391681109185442,1,1,8.633322715759277,14.222071647644045,6.384674072265625,10.89896011352539
08GA022,1.743579505937508,0.9099016607881152,"glacier, high snow","glacier, high snow",0.19585560519690384,460133736.399,10.410001754760742,0.5288535674040685,0.4671727655536445,0.9939704552306301,0.9909556828459452,11.26454257965088,18.658294677734375,11.53618335723877,14.288183212280272
08GA043,2.948495610814836,0.8623327904679389,"glacier, high snow","glacier, high snow",0.07387758540534477,71259622.092,10.540000915527344,0.4177048219258391,0.3501392349406419,1,1,11.5308837890625,18.76088523864746,12.30417537689209,15.07217502593994
08GA072,1.7702964135549342,0.9468759988017553,"glacier, high snow","glacier, high snow",0.1512415182343759,44930245.451,11.099998474121094,0.5504022716516801,0.4472314245149077,1,1,12.909878730773926,19.44487762451172,11.371712684631348,14.447711944580078
08GA075,1.301196349157994,0.5546397081882645,"glacier, high snow","glacier, low snow",0.029093745326344234,8252433.147,10.740001678466797,0.29379652605459056,0.2292803970223325,1,1,11.13301944732666,18.59177017211914,8.503117561340332,12.57311725616455
08GB013,1.6665553251488647,0.6377871479169113,"glacier, high snow","glacier, high snow",0.05272721125936602,7759079.953,10.18000030517578,0.4161137440758294,0.3639810426540284,1,1,10.891158103942873,18.516159057617188,8.342042922973633,13.495375633239746
08GD004,2.292046784757224,1.0564491333020123,"glacier, high snow","glacier, high snow",0.1922599190640573,1091328831.201,10.899999618530272,0.4111810723144438,0.344280671627552,0.975540104296002,0.9622547802334244,10.515609741210936,16.1931095123291,6.255368709564209,10.525368690490724
08GD008,1.3956658403619708,0.8026637903897502,"no glacier, low snow","no glacier, low snow",0.004154153155543588,2020138.055,9.779998779296877,0.014568444200109951,0.004672897196261682,0.8666666666666667,0.6,13.015427589416504,17.401676177978516,10.692030906677246,14.882031440734863
08GE002,2.3959319265816674,0.9839417161258033,"glacier, high snow","glacier, high snow",0.1734061264203448,1002207181.178,13.119998931884766,0.380854074366171,0.3131915288441465,0.9780933062880325,0.9626774847870182,6.675457954406738,13.724206924438477,6.837590217590332,11.292590141296388
08GE003,1.9320062608962136,0.9042231350232607,"glacier, high snow","glacier, high snow",0.3895653934986975,9025043.053,12.419998168945313,0.6484848484848484,0.6121212121212121,1,1,6.872652530670166,13.516401290893556,6.860092639923096,11.171521186828612
08HB006,1.0856400577961933,0.6298781233494921,"glacier, low snow","glacier, low snow",0.0052139030418598626,3041791.443,9.439998626708984,0.08682926829268292,0.06487804878048781,0.9473684210526315,0.9473684210526315,10.78094482421875,16.919692993164063,7.740666389465332,12.3320951461792
08HB023,0.7069566836442215,0.9290630159756231,"no glacier, low snow","no glacier, low snow",0.0027389370905480186,1060817.707,9.880001068115234,0.045968624589565854,0.03319956220357534,1,1,10.291738510131836,17.637989044189453,7.4026780128479,13.032678604125977
08HB084,0.951165958596446,1.3783246649511374,"glacier, low snow","glacier, low snow",0.0063534784239120045,3041791.443,9.600000381469728,0.10626865671641791,0.07940298507462687,0.9473684210526315,0.9473684210526315,10.887805938720703,17.36655616760254,10.596017837524414,12.756017684936523
08HC001,0.9480942012182297,0.2984085157906273,"no glacier, low snow","no glacier, low snow",4.133179554431848e-4,409947.56,12.460000991821287,0.025446365809081963,0.00815408407141853,1,0,8.92365837097168,18.54490852355957,10.46943187713623,14.956098556518556
08HD003,0.6743275340968639,0.8131869497355899,"no glacier, low snow","no glacier, low snow",0.002623583664215597,3854933.846,10.619998931884766,0.13012633624878522,0.06977648202137998,1,0.7333333333333333,10.168963432312012,16.742713928222656,10.417455673217772,13.83745574951172
08HD011,1.0481042897517818,0.350398419576655,"no glacier, low snow","no glacier, low snow",9.641408900287506e-4,291037.48,10.049997329711914,0.06500691562932227,0.03826648224988474,1,1,10.845243453979492,17.226491928100586,8.079863548278809,11.637006759643556
08HD018,1.1310615565210473,0.4083759599294155,"no glacier, low snow","no glacier, low snow",0.004026241504344563,529714.608,11.68000030517578,0.15320041972717732,0.05666316894018888,1,0.3333333333333333,9.864359855651855,18.2556095123291,8.249329566955566,12.935044288635254
08HE006,0.8075363297880057,0.37099153035051424,"no glacier, low snow","no glacier, low snow",0.001537087434548106,273542.002,11.549999237060549,0.01675977653631285,0.0039904229848363925,0.5,0.5,9.002256393432617,18.18225479125977,8.38991641998291,14.352773666381836
08HF005,1.306666979160581,0.3787614392631406,"no glacier, low snow","no glacier, low snow",2.04699470788567e-4,160302.434,11.599998474121094,0.02597173144876325,0.011307420494699646,0.5,0.5,9.245914459228516,17.6546630859375,12.766477584838867,17.3344783782959
08JA017,1.8194608172542026,1.2996502456084535,"no glacier, low snow","no glacier, low snow",0.004973363610587762,77045768.384,9.370000839233398,0.08302651609020427,0.060369242751442634,0.9930915371329879,0.9723661485319517,11.89658546447754,16.370336532592773,7.1493821144104,11.996882438659668
08JB002,1.0087045102856025,0.7605621850846827,"no glacier, low snow","no glacier, low snow",3.541704844802299e-4,1423633.298,9.35999870300293,0.0081586250710536,0.003878690607550072,1,0.8461538461538461,11.93088436126709,16.49213218688965,7.81443977355957,11.528725624084473
08JB003,1.0125230196062835,0.7273305582438909,"no glacier, low snow","no glacier, low snow",2.172780817597771e-4,1423633.298,9.40999984741211,0.004952906787918155,0.0023546606040922378,1,0.8461538461538461,11.760701179504396,16.509450912475586,8.802180290222168,13.844679832458496
08JB008,1.1534932347812803,0.6296992454462103,"no glacier, low snow","no glacier, low snow",0.003861813515462012,1423633.298,7.130001068115234,0.07549807759524642,0.040545263893743445,1,0.8461538461538461,8.803079605102539,12.991828918457031,14.083378791809082,16.974807739257813
08JC001,1.4616962570996512,1.2386990567028309,"no glacier, low snow","no glacier, low snow",0.003109888494566534,78469401.564,9.5,0.05144885315829142,0.0370805916217213,0.9932432432432432,0.9695945945945946,11.762255668640137,16.629756927490234,7.969416618347168,11.921916961669922
08JC002,1.1454273543007343,1.043386730699648,"no glacier, low snow","no glacier, low snow",0.001964967139474066,83997056.978,9.60999870300293,0.0362764909129464,0.02526225847896319,0.9935897435897436,0.969551282051282,11.913658142089844,16.863656997680664,8.631479263305664,13.876479148864746
08JE001,0.9542158163543504,0.8308482870564009,"no glacier, low snow","no glacier, low snow",3.8893073265010194e-4,5527655.414,9.370000839233398,0.018626677190213103,0.010808301221040902,1,0.96875,11.73210334777832,16.58710479736328,8.559961318969727,13.714961051940918
08KA001,2.363142717703355,1.0921957698483247,"glacier, high snow","glacier, high snow",0.07020798430345085,28701202.983,10.629999160766602,0.47202797202797203,0.34965034965034963,1,0.9952153110047847,13.400793075561523,18.062042236328125,8.266742706298828,12.8492431640625
08KA004,1.6993728504956502,0.9369893648896179,"glacier, low snow","glacier, low snow",0.024078611224418858,432351555.836,10.30000114440918,0.24754413362791736,0.174900865760365,0.9915151515151515,0.9836363636363636,12.027043342590332,17.514543533325195,8.001757621765137,13.561758041381836
08KA005,1.9452454631536815,1.0029953271028036,"glacier, high snow","glacier, high snow",0.057532424759082,396192469.897,10.129999160766602,0.3829275225011843,0.2856845097110374,0.9907529722589168,0.9828269484808454,13.081951141357422,17.576950073242188,6.561089038848877,10.628588676452637
08KA007,2.12569200075502,0.8274380830529062,"glacier, high snow","glacier, high snow",0.027315223364404374,46700717.168,11.499998092651367,0.38383449973083134,0.26370837499038685,0.9887323943661972,0.9802816901408451,14.330975532531738,18.86847496032715,8.1813383102417,12.90633773803711
08KA009,2.262001156300918,0.9515899830535687,NA,NA,2.0276134968704042e-4,51377.378,11.400001525878906,0.5322745901639344,0.42008196721311475,1,1,13.820762634277344,18.770763397216797,7.067591190338135,11.784733772277832
08KB001,1.521911523138795,0.86307441449552,"glacier, low snow","glacier, low snow",0.0175903609895429,570571409.413,9.719999313354492,0.18191177227569877,0.12898384880677566,0.99185667752443,0.9818520241973011,11.870518684387209,17.03426742553711,6.716557502746582,10.8490571975708
08KB003,1.7109800854340895,0.901079023189722,"glacier, high snow","glacier, low snow",0.02892760408988127,138219650.503,10.34000015258789,0.3075145130079553,0.22180713824983875,0.9929859719438878,0.9759519038076152,12.015823364257813,17.537073135375977,7.267514705657959,11.665014266967772
08KB006,2.0671648610751014,0.6679001902686964,NA,"no glacier, low snow",0.004704925384615489,482673.995,10.789999008178713,0.31467661691542287,0.2126865671641791,1,1,12.689725875854492,18.08972549438477,12.580638885498049,14.364638328552246
08KD007,1.2465334992271095,0.5929516777601791,"no glacier, low snow","no glacier, low snow",1.2012395087040957e-4,400323.068,10.110000610351563,0.05203927199348054,0.021847956847374752,1,1,12.048354148864746,17.382104873657227,7.80886697769165,13.011366844177246
08KH001,1.2125050579687198,0.7981485427124906,"glacier, low snow","glacier, low snow",0.01574510897355511,93920640.122,10.89999771118164,0.15678450589196127,0.1133590012833975,1,0.9972489683631361,13.096067428588867,18.25106430053711,9.737958908081056,15.272958755493164
08KH006,1.187044339713379,0.7929066929302445,"glacier, low snow","glacier, low snow",0.013670767892603547,157853806.987,10.580001831054688,0.13424220381537885,0.0963230635661825,1,0.9967132292522597,12.425914764404297,17.77466583251953,8.0093994140625,13.426898956298828
08KH010,1.4420470981935176,0.49602403884052154,"no glacier, low snow","no glacier, low snow",3.731106989669839e-4,294697.785,10.969999313354492,0.20658380920389655,0.12092710782667114,1,1,13.676219940185549,18.59246826171875,9.157697677612305,14.85769748687744
08KH030,1.5536173429375315,0.7093496188367399,"glacier, high snow","glacier, low snow",0.01702205980748821,3127309.895,10.35999870300293,0.32786885245901637,0.23521026372059872,1,1,13.247865676879885,17.795364379882813,9.68410301208496,14.558388710021973
08LA001,1.4077297576631218,0.7728,"glacier, low snow","glacier, low snow",0.01701025839457276,175644012.295,10.68000030517578,0.16361176689036844,0.12570625215522957,0.9992389649923896,0.9969558599695586,13.935853958129885,18.605854034423828,12.2639799118042,18.01064682006836
08LB038,1.5188979043131114,0.6557089559980586,NA,"no glacier, low snow",0.00359594515685241,978897.161,9.93000030517578,0.27584517393434593,0.2023517883390495,1,1,13.552255630493164,17.828506469726563,7.229558944702148,10.14670181274414
08LB047,1.6215544477989188,0.8589367894229485,"glacier, high snow","glacier, low snow",0.04060632908672355,182210011.346,10.390003204345703,0.2700849605008198,0.20727381129825606,0.9977561705310396,0.9947643979057592,13.811981201171877,18.388233184814453,9.688474655151367,12.625617980957031
08LB064,1.3245430927029989,0.8399207206451412,"glacier, low snow","glacier, low snow",0.01824671726550628,357854022.369,10.670001983642578,0.1520420513884566,0.11483210568177889,0.998491135420596,0.995850622406639,14.02481746673584,18.95231819152832,9.840815544128418,15.970815658569336
08LC002,0.9114163016577661,0.5812089466568273,"no glacier, low snow","no glacier, low snow",0.0016285228120719519,7692420.104,6.739997863769531,0.06838634031950755,0.03690458742488641,0.9824561403508771,0.9649122807017544,12.197529792785645,15.417530059814451,9.822365760803224,14.29986572265625
08LC003,1.06985287090398,0.625310641972911,"no glacier, low snow","no glacier, low snow",0.0036710795880782973,7357522.312,7.0500030517578125,0.10364087712039718,0.05881947317611364,0.9814814814814815,0.9629629629629629,12.555213928222656,15.90146541595459,11.506360054016112,15.414931297302246
08LC018,1.1227382994859447,0.5685071533300653,"glacier, low snow","glacier, low snow",0.006503997456791829,7357522.312,7.499998092651367,0.1763767938182264,0.10302955967128664,0.9814814814814815,0.9629629629629629,12.355670928955078,15.9669189453125,10.994403839111328,15.414403915405272
08LD001,1.0277761309065039,0.8229363179409708,"glacier, low snow","glacier, low snow",0.010592535715310764,33951517.865,9.240001678466797,0.11335471011352803,0.08141953375509142,0.991701244813278,0.979253112033195,13.318353652954102,17.4333553314209,9.82175064086914,15.01675033569336
08LE024,1.302664447476929,0.6655251107742545,"glacier, low snow","glacier, low snow",0.009192770355356717,8570651.747,6.020000457763672,0.23267326732673269,0.15885264997087944,1,0.9692307692307692,11.932988166809082,14.795488357543944,8.77170467376709,13.588848114013672
08LE027,1.3556581997517707,0.6998387470732956,"glacier, high snow","glacier, high snow",0.017865013045928125,14382223.079,6.819999694824219,0.32908813041263374,0.26490066225165565,1,1,12.141738891601564,15.322986602783203,10.60390281677246,13.997236251831056
08LE031,0.9825181177705554,0.7793117716019584,"no glacier, low snow","no glacier, low snow",0.004134629432142876,65408855.482,9.049999237060549,0.08455122201212292,0.05603760581052185,0.9935897435897436,0.9807692307692307,13.162683486938477,17.181434631347656,11.058871269226074,17.330299377441406
08LF051,1.0766026186022786,0.7699612218746678,"glacier, low snow","glacier, low snow",0.007637742880368392,423262877.776,11.380001068115234,0.07903160172300852,0.05711683903368601,0.997755690926579,0.9935876883616543,13.59728717803955,19.507286071777344,12.678841590881348,18.505508422851563
08MA001,1.5917623082698702,0.9469715202567187,"glacier, low snow","glacier, low snow",0.045911570849874656,315703114.92,10.470001220703123,0.18942413620430645,0.12963445167751628,0.989826197541331,0.963543874523103,12.835487365722656,17.85548973083496,10.003464698791504,14.76846408843994
08MA002,1.389484210578766,0.9281533578455603,"glacier, high snow","glacier, low snow",0.0709329977737581,151366032.974,11.119998931884766,0.31364037170182457,0.21515295394424472,0.9920494699646644,0.9690812720848057,13.980944633483888,19.202194213867188,10.21678352355957,15.611069679260254
08MA003,2.028136196524892,0.8353973940613735,"glacier, high snow","glacier, high snow",0.1038383716420732,158174707.614,11.900001525878906,0.40740075444584156,0.2862403448895276,0.9889737065309584,0.9677692960135709,13.159055709838867,18.93405532836914,10.11367416381836,15.511174201965332
08MB006,1.5741139737450076,0.876403439734602,"glacier, low snow","glacier, low snow",0.00629461066289226,6363088.271,11.959999084472656,0.03862032227993075,0.01851111998934612,0.92,0.78,12.3118896484375,17.979389190673828,11.460372924804688,17.80323028564453
08MB007,2.198407330665452,0.880824197406212,"glacier, low snow","glacier, low snow",0.020960373353902887,4104820.124,13.190000534057615,0.15453296703296704,0.0782967032967033,0.9354838709677419,0.9032258064516129,12.48557949066162,18.833080291748047,9.544508934020996,15.449509620666504
08MC018,1.4186470878684443,0.9130994703818022,"glacier, low snow","glacier, low snow",0.007104275969144057,812422272.606,10.539999008178713,0.07936032465796031,0.05612193954668623,0.9936471738068089,0.9835478090894283,12.283506393432615,17.69100570678711,6.417380332946777,11.017380714416504
08ME002,1.999953761959089,0.8797402192870099,"no glacier, low snow","no glacier, low snow",0.004388375783717934,3884716.756,11.459999084472656,0.2226701814234765,0.13273375717165453,1,0.9411764705882353,14.11140251159668,19.857654571533203,8.210746765136719,15.79324722290039
08ME003,1.3572706065952562,1.0073886998957797,"glacier, low snow","glacier, low snow",0.007502714834440597,7640645.692,11.30999755859375,0.17157204631050355,0.10350118566048264,1,1,14.067590713500977,19.781341552734375,7.915309906005859,12.025310516357422
08ME023,2.066291671349212,1.0929186508653346,"glacier, high snow","glacier, high snow",0.5765972087151658,83244357.147,12.779998779296877,0.814218009478673,0.7535545023696683,0.9849246231155779,0.9631490787269682,14.388049125671388,20.761798858642575,7.2286696434021,11.016169548034668
08ME025,1.4969829718522685,0.7627951161146106,"no glacier, low snow","no glacier, low snow",4.942564277464084e-4,287027.678,11.320001602172852,0.07877512856474989,0.029453015427769985,1,1,13.134481430053713,18.87198257446289,10.525124549865724,17.232624053955078
08ME027,1.8340383877206687,0.7249955969695562,"glacier, high snow","glacier, high snow",0.06750127834730331,21042642.27,12.520000457763672,0.5061619718309859,0.3789612676056338,1,0.9935064935064936,15.426097869873049,21.81734848022461,8.92471694946289,14.499716758728027
08ME028,1.788833641917756,1.1435021443720568,"glacier, high snow","glacier, high snow",0.2526442793520988,178971093.108,11.370000839233398,0.6398067632850242,0.558647342995169,0.9908606245239908,0.9748667174409749,14.462133407592772,20.28463554382324,9.11847686767578,12.65347671508789
08MF005,1.2448487985506957,0.8549875164750383,"glacier, low snow","glacier, low snow",0.008550511944613277,1852375672.862,9.8899993896484375,0.07974448883573454,0.05577566065471187,0.9936983920034768,0.9806605823554976,12.122530937194824,19.266279220581055,12.629132270812988,16.245132446289063
08MF040,1.3754621690083229,0.9003791022678839,"glacier, low snow","glacier, low snow",0.008898682419884207,1372462703.261,10.870002746582031,0.0773792742961684,0.05425855073457269,0.9922299922299922,0.9762043512043512,13.855304718017578,19.564056396484375,11.822866439819336,17.322866439819336
08MF065,1.6079021418364692,0.6159695786526025,"glacier, high snow","glacier, high snow",0.016853488502194196,12002215.481,10.56999969482422,0.429858934169279,0.31563479623824453,1,1,13.067622184753418,19.50887107849121,8.777107238769531,14.99960708618164
08MG005,1.9979424328495068,0.8944304125874659,"glacier, high snow","glacier, high snow",0.1752357626346464,367665375.295,10.279998779296877,0.5217533743939196,0.4494168523129341,0.9977628635346756,0.9891871737509321,13.656494140625,19.64024353027344,6.528461933135986,10.83346176147461
08MG025,1.8856994123499136,1.0668426294728572,"glacier, high snow","glacier, low snow",0.12474141450495102,4037416.786,10.189998626708984,0.3717948717948718,0.24786324786324787,1,1,13.577133178710936,19.52713203430176,8.072854042053223,13.622854232788086
08MG026,2.5932079019646737,0.8322659430480863,"glacier, high snow","glacier, high snow",0.05879057415810864,5273753.499,11.060001373291016,0.4453004622496148,0.325115562403698,1,1,13.068110466003418,19.39061164855957,8.205499649047852,14.859785079956056
08MH001,1.2245405377682308,0.6926005478786451,"glacier, low snow","glacier, low snow",0.008946044691906543,11021257.994,9.9199981689453125,0.2270101663585952,0.1416358595194085,1,0.9878048780487805,10.99289608001709,18.861644744873047,12.028831481933594,14.564831733703612
08MH002,1.0188442380509828,0.9976179608000529,"no glacier, low snow","no glacier, low snow",6.857088459260497e-4,163187.31,9.829998016357422,0.03315571343990527,0.021314387211367674,0,0,9.712865829467772,17.17786407470703,7.993495464324951,12.426828384399414
08MH005,0.9387862958524076,0.9384231471714288,"no glacier, low snow","no glacier, low snow",4.456740283614462e-6,1040.581,10.280000686645508,0.0068322981366459624,0.0018633540372670807,0.6666666666666666,0.6666666666666666,10.537927627563477,18.67417907714844,9.84998607635498,12.197985649108888
08MH056,1.5099685738920317,0.6117608734117667,"glacier, high snow","glacier, low snow",0.01237162824180472,1984118.846,9.6399993896484375,0.3051890941072999,0.21899736147757257,1,1,11.424360275268556,19.026859283447266,12.188685417175291,15.004685401916504
08MH103,1.3192182184987042,0.7014837532385014,"glacier, low snow","glacier, low snow",0.012920213363132114,8400010.14,9.69000244140625,0.2882882882882883,0.17798286090969018,1,0.984375,11.463720321655272,18.919971466064453,12.203021049499512,15.447021484375
08MH141,1.3656679527854707,0.35388576408733086,"no glacier, low snow","no glacier, low snow",0.0031085259490749874,163187.31,11.920000076293944,0.0862533692722372,0.05929919137466307,0,0,12.228109359741213,21.924360275268555,11.591500282287598,15.947500228881836
08MH147,1.542899848308491,0.7635525118158848,"glacier, high snow","glacier, high snow",0.09193188069886304,26632488.457,10.329998016357422,0.4975562072336266,0.42473118279569894,1,0.984375,12.255578994750977,19.993078231811523,10.941521644592283,14.017521858215332
08NA002,1.4056709572669601,0.90154708976955,"glacier, low snow","glacier, low snow",0.020968635776952817,139728301.849,7.55999755859375,0.1811326182550446,0.12123453745941726,0.9980237154150198,0.9782608695652174,11.018048286437988,15.39679718017578,8.974344253540039,11.731487274169922
08NA006,1.868870323931091,0.917034179026643,"glacier, low snow","glacier, low snow",0.035480885000351604,65497081.299,7.489999771118164,0.25885538641686184,0.16935011709601874,1,0.9936842105263158,10.98390293121338,15.296401977539064,8.621145248413086,11.101144790649414
08NA011,1.8497819520420096,0.9612371630087078,"glacier, high snow","glacier, low snow",0.03883096575642671,56585840.194,8.509998321533203,0.3400635632828566,0.24705552439708356,0.9975550122249389,0.9853300733496333,11.412836074829102,16.14783477783203,8.484355926513672,11.984355926513672
08NB005,1.539554376909052,0.913671015379183,"glacier, low snow","glacier, low snow",0.025041082972807015,242792871.949,8.240001678466797,0.2043045519723339,0.13675598166840047,0.9988700564971752,0.9853107344632769,11.833842277526855,16.073843002319336,9.490671157836914,11.973527908325195
08NB012,2.067641145593231,0.9389524012984451,"glacier, high snow","glacier, high snow",0.06394735090623105,37567488.919,8.049999237060547,0.3988081595232638,0.293605317442127,1,0.9964664310954063,11.459969520568848,15.788719177246094,7.947455406188965,10.830312728881836
08NB014,1.9233892024238277,0.9845305397229243,"glacier, high snow","glacier, high snow",0.11286880436479356,48405995.08,8.680002212524414,0.6186708860759493,0.5272151898734178,1,1,12.41292667388916,16.600427627563477,9.007112503051758,11.3328275680542
08NB016,1.105160290341828,0.587459802124988,"no glacier, low snow","no glacier, low snow",0.001466766370113,118117.462,8.809999465942383,0.2353923205342237,0.14524207011686144,1,1,12.228109359741213,16.6306095123291,8.759888648986816,11.534174919128418
08NC004,2.2083936428483026,1.0721024051089587,"glacier, high snow","glacier, high snow",0.1771327990813572,54004357.348,11.579999923706056,0.5622576475657044,0.4808272296423955,0.9759615384615384,0.96875,14.554603576660156,19.152103424072266,7.231032848358154,11.758532524108888
08ND012,1.7909953489138961,0.8578647559912668,"glacier, high snow","glacier, high snow",0.04721743570979881,44104105.814,7.860000610351563,0.3960887332165791,0.3104203152364273,1,1,12.336463928222656,16.030214309692383,7.133609771728516,10.067895889282228
08ND013,1.8183991294575166,0.7523524101725693,"glacier, high snow","glacier, high snow",0.048961525303891175,56280705.955,6.090000152587891,0.449165581725648,0.3542431056929814,1,0.9927007299270073,11.425854682922363,14.698355674743652,9.022424697875977,11.502424240112305
08NE049,0.9380022057665038,1.0051081561062547,"glacier, low snow","glacier, low snow",0.020153956360282572,1761591165.699,8.39999771118164,0.16135736070889095,0.11694904926381686,0.9968224443927769,0.9866697667209177,13.706097602844238,17.222347259521484,9.401860237121582,13.334360122680664
08NF001,0.9453301816365878,0.7097782641327308,"no glacier, low snow","no glacier, low snow",4.337540521410775e-4,180556.181,9.959999084472656,0.06747066492829204,0.028357235984354627,1,0,13.227988243103027,17.689237594604492,9.26348114013672,13.2559814453125
08NG002,0.779305098706753,0.8671284131332266,"no glacier, low snow","no glacier, low snow",5.130572461367217e-4,779325.022,7.319999694824219,0.007258360896729143,0.0012862918044836457,0.7142857142857143,0.42857142857142855,11.818902969360352,15.187652587890623,10.36663055419922,16.246631622314453
08NG065,0.9955888839876489,0.8146662789816373,"no glacier, low snow","no glacier, low snow",0.0023265240101217393,26684385.531,7.040000915527344,0.05552683155578535,0.024132167806942658,0.9950738916256158,0.9458128078817734,12.198628425598145,15.60237979888916,8.865400314331055,12.700400352478027
08NH005,1.037436981848511,0.7625667141058148,"no glacier, low snow","no glacier, low snow",0.0036601433525532442,1616205.938,8.420001983642578,0.15338770388958595,0.07559598494353827,1,1,12.497621536254885,16.698871612548828,9.302790641784668,13.73529052734375
08NH007,1.429155355211877,0.71777699238778,"glacier, low snow","glacier, low snow",0.008855289229838751,14545054.598,8.259998321533203,0.28285641934667005,0.18679834557271882,1,0.98,11.937226295471191,16.418474197387695,9.653704643249512,13.019418716430664
08NH118,1.4720592035533835,0.9210964408275806,"glacier, high snow","glacier, high snow",0.038404993224416824,156713960.171,8.3300018310546875,0.3622429778644497,0.2626501077696808,1,0.994579945799458,11.702104568481444,16.11335563659668,8.33041000366211,10.950409889221191
08NH119,1.7305966238798174,0.8516241954043927,"glacier, high snow","glacier, high snow",0.06382383616437169,83884116.756,7.360000610351563,0.48935944944415033,0.37776601376389624,1,0.9982788296041308,11.195700645446776,15.52195167541504,8.609820365905762,12.666962623596191
08NH132,1.1298771307055397,0.7647854673045721,"glacier, low snow","glacier, low snow",0.013348300586167053,1231953.526,9.759998321533203,0.24661654135338346,0.16390977443609023,1,1,12.691707611083984,17.279205322265625,12.72622299194336,17.44622230529785
08NH138,1.151942636412865,0.6258817859395588,"glacier, low snow","glacier, low snow",0.016850196355151177,133870.992,7.629999160766602,0.2982456140350877,0.15789473684210525,1,1,12.251401901245115,16.282651901245117,8.239945411682129,10.94280242919922
08NJ013,0.8604817653499537,0.6712247361760557,"no glacier, low snow","no glacier, low snow",7.678526729387182e-4,2557302.236,8.039997100830078,0.08715074381558431,0.04117324792448059,1,0.9523809523809523,13.400121688842772,16.95012092590332,9.930407524108888,13.597908020019531
08NK002,0.861902079618119,0.987505378702725,"no glacier, low snow","no glacier, low snow",0.0033390644149767627,10328806.29,7.090000152587891,0.02004978501923512,0.008010862186014935,0.8873239436619719,0.8169014084507042,11.288110733032228,14.50811004638672,8.407267570495605,10.71869659423828
08NK016,0.8131571867984747,0.9399754788322069,"glacier, low snow","glacier, low snow",0.005446480206437875,10045907.142,6.630001068115234,0.029094181163767247,0.01297240551889622,0.9130434782608695,0.8405797101449275,10.990488052368164,14.226738929748535,6.746650218963623,10.15665054321289
08NL007,1.030443209970301,0.7562812536984307,"no glacier, low snow","no glacier, low snow",2.2748972511550162e-4,411936.297,10.529998779296877,0.02193869612571962,0.004512214096779213,1,0,13.153535842895508,18.482284545898438,10.41770839691162,14.714851379394531
08NL038,0.9881577260400675,0.7694016891468046,"no glacier, low snow","no glacier, low snow",7.38452361920427e-5,411936.297,10.669998168945313,0.01157215653789191,0.003037377312548636,1,0,13.021188735961914,17.94493865966797,9.530488014221191,14.88298797607422
08NL069,0.9834871379811267,0.635039844922623,"no glacier, low snow","no glacier, low snow",4.3726165257360636e-4,247405.89,11.029998779296877,0.03594608087868198,0.005991013479780329,1,0,12.86713409423828,18.42213249206543,10.517282485961914,14.980138778686523
08NL070,0.9641138978082382,0.8501130276083975,"no glacier, low snow","no glacier, low snow",4.031802342736758e-4,164530.407,11.129997253417969,0.04116222760290557,0.01176063645797302,1,0,12.802804946899414,18.559053421020508,10.601377487182615,14.898520469665527
10BE001,1.5338331492651431,1.0707065993992593,"no glacier, low snow","no glacier, low snow",0.0016383974357252393,170974700.746,7.55000114440918,0.02984564376001085,0.012225426690593696,0.9447791164658634,0.8765060240963856,5.9506402015686035,12.278141975402832,6.126100063323975,8.270099639892578
10BE004,1.595596818120726,1.0129121329176298,"no glacier, low snow","no glacier, low snow",0.004475634122157027,11379058.912,8.200000762939453,0.10594233632630962,0.040382619681451064,0.9565217391304348,0.8115942028985508,7.631829261779785,12.968080520629885,11.137269973754885,14.98126983642578
10CB001,1.2211460855244718,0.7640898081315648,"no glacier, low snow","no glacier, low snow",0.0010040652297449964,2193525.45,9.729999542236328,0.046221648930452545,0.019509835536923575,1,1,10.566829681396484,18.166828155517575,11.835265159606934,15.548598289489746
10CD001,1.1831521121815722,1.096041806601594,"glacier, low snow","glacier, low snow",0.006503272335009797,131872359.498,7.149999618530273,0.040688326053985015,0.024386767171089393,0.995260663507109,0.9502369668246445,7.26722526550293,12.979723930358888,7.813481330871582,9.453481674194336
10EA003,0.9955489294893493,1.005833654923894,"glacier, low snow","glacier, low snow",0.0061072185859600125,52308400.403,6.44000244140625,0.02655930628677609,0.014766181480334468,0.8993055555555556,0.7847222222222222,5.663963317871094,11.103964805603027,9.06867504119873,12.745342254638672
10ED001,1.3633140645843598,1.0817182420527582,"no glacier, low snow","no glacier, low snow",0.001835417652207451,401604757.013,7.379999160766602,0.02115354226470105,0.009305528375477861,0.9717842323651452,0.9058091286307054,6.429542541503906,13.428292274475098,4.835415840148926,8.07208251953125
10ED002,1.4707117793202367,1.1045374523458757,"no glacier, low snow","no glacier, low snow",0.002746689967573783,753044384.67,7.670001983642578,0.02418559327457672,0.011499862708543657,0.940174176448315,0.8616054524801212,5.062591552734375,11.210092544555664,6.416139125823975,11.160139083862305
10GC001,1.4453615646868831,1.379408106680527,"no glacier, low snow","no glacier, low snow",0.0010309275769185631,1339849530.805,7.430000305175781,0.017263280082533933,0.009361161874045289,0.9617509119332986,0.9070349140177175,5.031950950622559,11.090702056884766,4.557528972625732,6.889528751373291
10HA004,1.2776685322442394,1.3436422094776483,"no glacier, low snow","no glacier, low snow",7.548871873718895e-4,8226025.434,4.479999542236328,0.07778453268486225,0.01820625219978882,1,0.7692307692307693,4.7298784255981445,8.363628387451172,1.372559666633606,7.558273792266846
10HB005,0.7600172339508833,0.6469584569732938,"no glacier, low snow","no glacier, low snow",0.0018505771555734857,28573216.45,3.190000534057617,0.03607188785596837,0.011817094159271652,0.6836363636363636,0.52,4.675975322723389,7.577225208282471,3.957321882247925,6.157321929931641
