site,lat,lon,elev,transect,id,yr,fruitcount
BLW,49.07117,-120.76961,1549,BLW-t-1,BLW1,2020,11
BLW,49.07117,-120.76961,1549,BLW-t-1,BLW1,2021,0
BLW,49.07117,-120.76961,1549,BLW-t-1,BLW19,2020,25
BLW,49.07117,-120.76961,1549,BLW-t-1,BLW19,2021,0
BLW,49.07117,-120.76961,1549,BLW-t-1,BLW22,2020,23
BLW,49.07117,-120.76961,1549,BLW-t-1,BLW22,2021,0
BLW,49.07117,-120.76961,1549,BLW-t-2,BLW26,2020,3
BLW,49.07117,-120.76961,1549,BLW-t-2,BLW26,2021,3
BLW,49.07117,-120.76961,1549,BLW-t-2,BLW27,2020,12
BLW,49.07117,-120.76961,1549,BLW-t-2,BLW27,2021,3
BLW,49.07117,-120.76961,1549,BLW-t-2,BLW51,2020,0
BLW,49.07117,-120.76961,1549,BLW-t-2,BLW51,2021,1
BLW,49.07117,-120.76961,1549,BLW-t-2,BLW59,2020,0
BLW,49.07117,-120.76961,1549,BLW-t-2,BLW59,2021,1
BLW,49.07117,-120.76961,1549,BLW-t-2,BLW64,2020,0
BLW,49.07117,-120.76961,1549,BLW-t-2,BLW64,2021,1
BLW,49.07117,-120.76961,1549,BLW-t-2,BLW67,2020,7
BLW,49.07117,-120.76961,1549,BLW-t-2,BLW67,2021,0
BLW,49.07117,-120.76961,1549,BLW-t-2,BLW74,2020,4
BLW,49.07117,-120.76961,1549,BLW-t-2,BLW74,2021,0
BLW,49.07117,-120.76961,1549,BLW-t-2,BLW78,2020,8
BLW,49.07117,-120.76961,1549,BLW-t-2,BLW78,2021,0
BLW,49.07117,-120.76961,1549,BLW-t-2,BLW83,2020,18
BLW,49.07117,-120.76961,1549,BLW-t-2,BLW83,2021,0
BLW,49.07117,-120.76961,1549,BLW-t-2,BLW95,2020,0
BLW,49.07117,-120.76961,1549,BLW-t-2,BLW95,2021,0
BLW,49.07117,-120.76961,1549,BLW-t-3,BLW98,2020,6
BLW,49.07117,-120.76961,1549,BLW-t-3,BLW98,2021,0
BLW,49.07117,-120.76961,1549,BLW-t-3,BLW116,2020,1
BLW,49.07117,-120.76961,1549,BLW-t-3,BLW116,2021,0
BLW,49.07117,-120.76961,1549,BLW-t-3,BLW121,2020,3
BLW,49.07117,-120.76961,1549,BLW-t-3,BLW121,2021,0
BLW,49.07117,-120.76961,1549,BLW-t-3,BLW138,2020,16
BLW,49.07117,-120.76961,1549,BLW-t-3,BLW138,2021,0
BLW,49.07117,-120.76961,1549,BLW-t-3,BLW140,2020,1
BLW,49.07117,-120.76961,1549,BLW-t-3,BLW140,2021,0
BLW,49.07117,-120.76961,1549,BLW-t-3,BLW156,2020,11
BLW,49.07117,-120.76961,1549,BLW-t-3,BLW156,2021,0
BLW,49.07117,-120.76961,1549,BLW-t-4,BLW164,2020,18
BLW,49.07117,-120.76961,1549,BLW-t-4,BLW164,2021,0
BLW,49.07117,-120.76961,1549,BLW-t-4,BLW167,2020,0
BLW,49.07117,-120.76961,1549,BLW-t-4,BLW167,2021,2
BLW,49.07117,-120.76961,1549,BLW-t-4,BLW170,2020,10
BLW,49.07117,-120.76961,1549,BLW-t-4,BLW170,2021,0
BLW,49.07117,-120.76961,1549,BLW-t-4,BLW171,2020,20
BLW,49.07117,-120.76961,1549,BLW-t-4,BLW171,2021,0
BLW,49.07117,-120.76961,1549,BLW-t-4,BLW173,2020,4
BLW,49.07117,-120.76961,1549,BLW-t-4,BLW173,2021,0
BLW,49.07117,-120.76961,1549,BLW-t-4,BLW175,2020,15
BLW,49.07117,-120.76961,1549,BLW-t-4,BLW175,2021,1
BLW,49.07117,-120.76961,1549,BLW-t-4,BLW176,2020,1
BLW,49.07117,-120.76961,1549,BLW-t-4,BLW176,2021,0
BLW,49.07117,-120.76961,1549,BLW-t-4,BLW177,2020,5
BLW,49.07117,-120.76961,1549,BLW-t-4,BLW177,2021,0
BLW,49.07117,-120.76961,1549,BLW-t-4,BLW181,2020,0
BLW,49.07117,-120.76961,1549,BLW-t-4,BLW181,2021,0
BLW,49.07117,-120.76961,1549,BLW-t-4,BLW183,2020,86
BLW,49.07117,-120.76961,1549,BLW-t-4,BLW183,2021,0
BLW,49.07117,-120.76961,1549,BLW-t-4,BLW189,2020,18
BLW,49.07117,-120.76961,1549,BLW-t-4,BLW189,2021,0
BLW,49.07117,-120.76961,1549,BLW-t-4,BLW190,2020,13
BLW,49.07117,-120.76961,1549,BLW-t-4,BLW190,2021,0
BLW,49.07117,-120.76961,1549,BLW-t-4,BLW191,2020,22
BLW,49.07117,-120.76961,1549,BLW-t-4,BLW191,2021,0
BLW,49.07117,-120.76961,1549,BLW-t-4,BLW192,2020,17
BLW,49.07117,-120.76961,1549,BLW-t-4,BLW192,2021,0
BLW,49.07117,-120.76961,1549,BLW-t-4,BLW193,2020,5
BLW,49.07117,-120.76961,1549,BLW-t-4,BLW193,2021,0
BLW,49.07117,-120.76961,1549,BLW-t-4,BLW194,2020,33
BLW,49.07117,-120.76961,1549,BLW-t-4,BLW194,2021,0
BLW,49.07117,-120.76961,1549,BLW-t-4,BLW197,2020,11
BLW,49.07117,-120.76961,1549,BLW-t-4,BLW197,2021,0
BLW,49.07117,-120.76961,1549,BLW-t-4,BLW198,2020,12
BLW,49.07117,-120.76961,1549,BLW-t-4,BLW198,2021,1
BLW,49.07117,-120.76961,1549,BLW-t-4,BLW200,2020,8
BLW,49.07117,-120.76961,1549,BLW-t-4,BLW200,2021,0
BLW,49.07117,-120.76961,1549,BLW-t-4,BLW201,2020,3
BLW,49.07117,-120.76961,1549,BLW-t-4,BLW201,2021,0
BLW,49.07117,-120.76961,1549,BLW-t-4,BLW202,2020,9
BLW,49.07117,-120.76961,1549,BLW-t-4,BLW202,2021,0
BLW,49.07117,-120.76961,1549,BLW-t-4,BLW204,2020,13
BLW,49.07117,-120.76961,1549,BLW-t-4,BLW204,2021,0
BLW,49.07117,-120.76961,1549,BLW-t-4,BLW206,2020,9
BLW,49.07117,-120.76961,1549,BLW-t-4,BLW206,2021,0
CHM,49.01352,-121.0733,495,CHM-t-1,CHM1,2020,18
CHM,49.01352,-121.0733,495,CHM-t-1,CHM1,2021,0
CHM,49.01352,-121.0733,495,CHM-t-1,CHM13,2020,9
CHM,49.01352,-121.0733,495,CHM-t-1,CHM13,2021,5
CHM,49.01352,-121.0733,495,CHM-t-1,CHM14,2020,13
CHM,49.01352,-121.0733,495,CHM-t-1,CHM14,2021,0
CHM,49.01352,-121.0733,495,CHM-t-1,CHM16,2020,11
CHM,49.01352,-121.0733,495,CHM-t-1,CHM16,2021,4
CHM,49.01352,-121.0733,495,CHM-t-1,CHM17,2020,0
CHM,49.01352,-121.0733,495,CHM-t-1,CHM17,2021,5
CHM,49.01352,-121.0733,495,CHM-t-1,CHM22,2020,26
CHM,49.01352,-121.0733,495,CHM-t-1,CHM22,2021,1
CHM,49.01352,-121.0733,495,CHM-t-1,CHM23,2020,13
CHM,49.01352,-121.0733,495,CHM-t-1,CHM23,2021,0
CHM,49.01352,-121.0733,495,CHM-t-1,CHM25,2020,3
CHM,49.01352,-121.0733,495,CHM-t-1,CHM25,2021,0
CHM,49.01352,-121.0733,495,CHM-t-1,CHM29,2020,5
CHM,49.01352,-121.0733,495,CHM-t-1,CHM29,2021,1
CHM,49.01352,-121.0733,495,CHM-t-1,CHM36,2020,1
CHM,49.01352,-121.0733,495,CHM-t-1,CHM36,2021,0
CHM,49.01352,-121.0733,495,CHM-t-1,CHM39,2020,9
CHM,49.01352,-121.0733,495,CHM-t-1,CHM39,2021,1
CHM,49.01352,-121.0733,495,CHM-t-1,CHM41,2020,16
CHM,49.01352,-121.0733,495,CHM-t-1,CHM41,2021,8
CHM,49.01352,-121.0733,495,CHM-t-1,CHM42,2020,1
CHM,49.01352,-121.0733,495,CHM-t-1,CHM42,2021,0
CHM,49.01352,-121.0733,495,CHM-t-1,CHM47,2020,6
CHM,49.01352,-121.0733,495,CHM-t-1,CHM47,2021,1
CHM,49.01352,-121.0733,495,CHM-t-1,CHM48,2020,5
CHM,49.01352,-121.0733,495,CHM-t-1,CHM48,2021,2
CHM,49.01352,-121.0733,495,CHM-t-1,CHM49,2020,12
CHM,49.01352,-121.0733,495,CHM-t-1,CHM49,2021,0
CHM,49.01352,-121.0733,495,CHM-t-1,CHM53,2020,17
CHM,49.01352,-121.0733,495,CHM-t-1,CHM53,2021,3
CHM,49.01352,-121.0733,495,CHM-t-1,CHM55,2020,4
CHM,49.01352,-121.0733,495,CHM-t-1,CHM55,2021,0
CHM,49.01352,-121.0733,495,CHM-t-1,CHM63,2020,5
CHM,49.01352,-121.0733,495,CHM-t-1,CHM63,2021,0
CHM,49.01352,-121.0733,495,CHM-t-1,CHM67,2020,5
CHM,49.01352,-121.0733,495,CHM-t-1,CHM67,2021,1
CHM,49.01352,-121.0733,495,CHM-t-1,CHM69,2020,3
CHM,49.01352,-121.0733,495,CHM-t-1,CHM69,2021,7
CHM,49.01352,-121.0733,495,CHM-t-1,CHM70,2020,4
CHM,49.01352,-121.0733,495,CHM-t-1,CHM70,2021,0
CHM,49.01352,-121.0733,495,CHM-t-1,CHM71,2020,0
CHM,49.01352,-121.0733,495,CHM-t-1,CHM71,2021,1
CHM,49.01352,-121.0733,495,CHM-t-1,CHM76,2020,6
CHM,49.01352,-121.0733,495,CHM-t-1,CHM76,2021,0
CHM,49.01352,-121.0733,495,CHM-t-1,CHM77,2020,11
CHM,49.01352,-121.0733,495,CHM-t-1,CHM77,2021,0
CHM,49.01352,-121.0733,495,CHM-t-1,CHM78,2020,11
CHM,49.01352,-121.0733,495,CHM-t-1,CHM78,2021,1
CHM,49.01352,-121.0733,495,CHM-t-1,CHM82,2020,9
CHM,49.01352,-121.0733,495,CHM-t-1,CHM82,2021,7
CHM,49.01352,-121.0733,495,CHM-t-1,CHM83,2020,14
CHM,49.01352,-121.0733,495,CHM-t-1,CHM83,2021,0
CHM,49.01352,-121.0733,495,CHM-t-1,CHM85,2020,3
CHM,49.01352,-121.0733,495,CHM-t-1,CHM85,2021,0
CHM,49.01352,-121.0733,495,CHM-t-1,CHM88,2020,0
CHM,49.01352,-121.0733,495,CHM-t-1,CHM88,2021,1
CHM,49.01352,-121.0733,495,CHM-t-1,CHM91,2020,16
CHM,49.01352,-121.0733,495,CHM-t-1,CHM91,2021,3
CHM,49.01352,-121.0733,495,CHM-t-1,CHM94,2020,19
CHM,49.01352,-121.0733,495,CHM-t-1,CHM94,2021,0
CHM,49.01352,-121.0733,495,CHM-t-1,CHM95,2020,50
CHM,49.01352,-121.0733,495,CHM-t-1,CHM95,2021,0
CHM,49.01352,-121.0733,495,CHM-t-1,CHM96,2020,3
CHM,49.01352,-121.0733,495,CHM-t-1,CHM96,2021,0
CHM,49.01352,-121.0733,495,CHM-t-1,CHM97,2020,2
CHM,49.01352,-121.0733,495,CHM-t-1,CHM97,2021,0
CHM,49.01352,-121.0733,495,CHM-t-1,CHM98,2020,1
CHM,49.01352,-121.0733,495,CHM-t-1,CHM98,2021,0
CHM,49.01352,-121.0733,495,CHM-t-1,CHM102,2020,26
CHM,49.01352,-121.0733,495,CHM-t-1,CHM102,2021,0
CHM,49.01352,-121.0733,495,CHM-t-1,CHM105,2020,3
CHM,49.01352,-121.0733,495,CHM-t-1,CHM105,2021,0
CHM,49.01352,-121.0733,495,CHM-t-1,CHM106,2020,5
CHM,49.01352,-121.0733,495,CHM-t-1,CHM106,2021,0
CHM,49.01352,-121.0733,495,CHM-t-1,CHM110,2020,5
CHM,49.01352,-121.0733,495,CHM-t-1,CHM110,2021,0
CHM,49.01352,-121.0733,495,CHM-t-1,CHM111,2020,9
CHM,49.01352,-121.0733,495,CHM-t-1,CHM111,2021,0
CHM,49.01352,-121.0733,495,CHM-t-1,CHM112,2020,13
CHM,49.01352,-121.0733,495,CHM-t-1,CHM112,2021,0
CHM,49.01352,-121.0733,495,CHM-t-2,CHM122,2020,30
CHM,49.01352,-121.0733,495,CHM-t-2,CHM122,2021,0
CHM,49.01352,-121.0733,495,CHM-t-2,CHM126,2020,27
CHM,49.01352,-121.0733,495,CHM-t-2,CHM126,2021,8
CHM,49.01352,-121.0733,495,CHM-t-2,CHM127,2020,1
CHM,49.01352,-121.0733,495,CHM-t-2,CHM127,2021,0
CHM,49.01352,-121.0733,495,CHM-t-2,CHM129,2020,21
CHM,49.01352,-121.0733,495,CHM-t-2,CHM129,2021,6
CHM,49.01352,-121.0733,495,CHM-t-2,CHM133,2020,0
CHM,49.01352,-121.0733,495,CHM-t-2,CHM133,2021,4
CHM,49.01352,-121.0733,495,CHM-t-2,CHM135,2020,36
CHM,49.01352,-121.0733,495,CHM-t-2,CHM135,2021,0
CHM,49.01352,-121.0733,495,CHM-t-2,CHM137,2020,0
CHM,49.01352,-121.0733,495,CHM-t-2,CHM137,2021,1
CHM,49.01352,-121.0733,495,CHM-t-2,CHM140,2020,50
CHM,49.01352,-121.0733,495,CHM-t-2,CHM140,2021,0
CHM,49.01352,-121.0733,495,CHM-t-2,CHM141,2020,34
CHM,49.01352,-121.0733,495,CHM-t-2,CHM141,2021,0
CHM,49.01352,-121.0733,495,CHM-t-2,CHM142,2020,12
CHM,49.01352,-121.0733,495,CHM-t-2,CHM142,2021,0
CHM,49.01352,-121.0733,495,CHM-t-2,CHM145,2020,30
CHM,49.01352,-121.0733,495,CHM-t-2,CHM145,2021,21
CHM,49.01352,-121.0733,495,CHM-t-2,CHM151,2020,50
CHM,49.01352,-121.0733,495,CHM-t-2,CHM151,2021,2
CHM,49.01352,-121.0733,495,CHM-t-2,CHM154,2020,5
CHM,49.01352,-121.0733,495,CHM-t-2,CHM154,2021,0
CHM,49.01352,-121.0733,495,CHM-t-2,CHM155,2020,12
CHM,49.01352,-121.0733,495,CHM-t-2,CHM155,2021,1
CHM,49.01352,-121.0733,495,CHM-t-2,CHM158,2020,12
CHM,49.01352,-121.0733,495,CHM-t-2,CHM158,2021,1
CHM,49.01352,-121.0733,495,CHM-t-2,CHM159,2020,4
CHM,49.01352,-121.0733,495,CHM-t-2,CHM159,2021,0
CHM,49.01352,-121.0733,495,CHM-t-2,CHM162,2020,7
CHM,49.01352,-121.0733,495,CHM-t-2,CHM162,2021,0
CHM,49.01352,-121.0733,495,CHM-t-2,CHM167,2020,7
CHM,49.01352,-121.0733,495,CHM-t-2,CHM167,2021,0
CHM,49.01352,-121.0733,495,CHM-t-2,CHM170,2020,5
CHM,49.01352,-121.0733,495,CHM-t-2,CHM170,2021,0
CHM,49.01352,-121.0733,495,CHM-t-2,CHM172,2020,33
CHM,49.01352,-121.0733,495,CHM-t-2,CHM172,2021,5
CHM,49.01352,-121.0733,495,CHM-t-2,CHM175,2020,5
CHM,49.01352,-121.0733,495,CHM-t-2,CHM175,2021,8
CHM,49.01352,-121.0733,495,CHM-t-2,CHM181,2020,0
CHM,49.01352,-121.0733,495,CHM-t-2,CHM181,2021,4
CHM,49.01352,-121.0733,495,CHM-t-2,CHM182,2020,9
CHM,49.01352,-121.0733,495,CHM-t-2,CHM182,2021,2
CHM,49.01352,-121.0733,495,CHM-t-2,CHM183,2020,0
CHM,49.01352,-121.0733,495,CHM-t-2,CHM183,2021,3
CHM,49.01352,-121.0733,495,CHM-t-2,CHM190,2020,16
CHM,49.01352,-121.0733,495,CHM-t-2,CHM190,2021,6
CHM,49.01352,-121.0733,495,CHM-t-2,CHM192,2020,5
CHM,49.01352,-121.0733,495,CHM-t-2,CHM192,2021,0
CHM,49.01352,-121.0733,495,CHM-t-2,CHM193,2020,59
CHM,49.01352,-121.0733,495,CHM-t-2,CHM193,2021,5
CHM,49.01352,-121.0733,495,CHM-t-2,CHM195,2020,10
CHM,49.01352,-121.0733,495,CHM-t-2,CHM195,2021,0
CHM,49.01352,-121.0733,495,CHM-t-2,CHM197,2020,24
CHM,49.01352,-121.0733,495,CHM-t-2,CHM197,2021,2
CHM,49.01352,-121.0733,495,CHM-t-2,CHM198,2020,6
CHM,49.01352,-121.0733,495,CHM-t-2,CHM198,2021,0
CHM,49.01352,-121.0733,495,CHM-t-2,CHM199,2020,32
CHM,49.01352,-121.0733,495,CHM-t-2,CHM199,2021,0
CHM,49.01352,-121.0733,495,CHM-t-2,CHM200,2020,44
CHM,49.01352,-121.0733,495,CHM-t-2,CHM200,2021,4
CHM,49.01352,-121.0733,495,CHM-t-2,CHM206,2020,13
CHM,49.01352,-121.0733,495,CHM-t-2,CHM206,2021,0
CHM,49.01352,-121.0733,495,CHM-t-2,CHM207,2020,14
CHM,49.01352,-121.0733,495,CHM-t-2,CHM207,2021,3
CHM,49.01352,-121.0733,495,CHM-t-2,CHM208,2020,7
CHM,49.01352,-121.0733,495,CHM-t-2,CHM208,2021,0
CHM,49.01352,-121.0733,495,CHM-t-2,CHM210,2020,1
CHM,49.01352,-121.0733,495,CHM-t-2,CHM210,2021,0
CHM,49.01352,-121.0733,495,CHM-t-2,CHM211,2020,3
CHM,49.01352,-121.0733,495,CHM-t-2,CHM211,2021,0
CHM,49.01352,-121.0733,495,CHM-t-2,CHM212,2020,97
CHM,49.01352,-121.0733,495,CHM-t-2,CHM212,2021,9
CHM,49.01352,-121.0733,495,CHM-t-2,CHM213,2020,21
CHM,49.01352,-121.0733,495,CHM-t-2,CHM213,2021,0
CHM,49.01352,-121.0733,495,CHM-t-2,CHM214,2020,18
CHM,49.01352,-121.0733,495,CHM-t-2,CHM214,2021,0
CHM,49.01352,-121.0733,495,CHM-t-2,CHM215,2020,24
CHM,49.01352,-121.0733,495,CHM-t-2,CHM215,2021,9
CHM,49.01352,-121.0733,495,CHM-t-2,CHM217,2020,44
CHM,49.01352,-121.0733,495,CHM-t-2,CHM217,2021,3
CHM,49.01352,-121.0733,495,CHM-t-2,CHM218,2020,15
CHM,49.01352,-121.0733,495,CHM-t-2,CHM218,2021,9
CHM,49.01352,-121.0733,495,CHM-t-2,CHM220,2020,16
CHM,49.01352,-121.0733,495,CHM-t-2,CHM220,2021,0
CHM,49.01352,-121.0733,495,CHM-t-2,CHM223,2020,5
CHM,49.01352,-121.0733,495,CHM-t-2,CHM223,2021,0
CHM,49.01352,-121.0733,495,CHM-t-2,CHM224,2020,15
CHM,49.01352,-121.0733,495,CHM-t-2,CHM224,2021,0
CHM,49.01352,-121.0733,495,CHM-t-2,CHM225,2020,11
CHM,49.01352,-121.0733,495,CHM-t-2,CHM225,2021,5
CHM,49.01352,-121.0733,495,CHM-t-2,CHM226,2020,26
CHM,49.01352,-121.0733,495,CHM-t-2,CHM226,2021,2
CHM,49.01352,-121.0733,495,CHM-t-2,CHM227,2020,13
CHM,49.01352,-121.0733,495,CHM-t-2,CHM227,2021,2
CHM,49.01352,-121.0733,495,CHM-t-2,CHM229,2020,17
CHM,49.01352,-121.0733,495,CHM-t-2,CHM229,2021,1
CHM,49.01352,-121.0733,495,CHM-t-2,CHM232,2020,21
CHM,49.01352,-121.0733,495,CHM-t-2,CHM232,2021,10
CHM,49.01352,-121.0733,495,CHM-t-2,CHM233,2020,7
CHM,49.01352,-121.0733,495,CHM-t-2,CHM233,2021,0
CHM,49.01352,-121.0733,495,CHM-t-2,CHM235,2020,110
CHM,49.01352,-121.0733,495,CHM-t-2,CHM235,2021,0
CHM,49.01352,-121.0733,495,CHM-t-3,CHM245,2020,31
CHM,49.01352,-121.0733,495,CHM-t-3,CHM245,2021,8
CHM,49.01352,-121.0733,495,CHM-t-3,CHM248,2020,7
CHM,49.01352,-121.0733,495,CHM-t-3,CHM248,2021,2
CHM,49.01352,-121.0733,495,CHM-t-3,CHM249,2020,5
CHM,49.01352,-121.0733,495,CHM-t-3,CHM249,2021,0
CHM,49.01352,-121.0733,495,CHM-t-3,CHM251,2020,6
CHM,49.01352,-121.0733,495,CHM-t-3,CHM251,2021,0
CHM,49.01352,-121.0733,495,CHM-t-3,CHM254,2020,4
CHM,49.01352,-121.0733,495,CHM-t-3,CHM254,2021,8
CHM,49.01352,-121.0733,495,CHM-t-3,CHM256,2020,13
CHM,49.01352,-121.0733,495,CHM-t-3,CHM256,2021,0
CHM,49.01352,-121.0733,495,CHM-t-3,CHM261,2020,11
CHM,49.01352,-121.0733,495,CHM-t-3,CHM261,2021,19
CHM,49.01352,-121.0733,495,CHM-t-3,CHM262,2020,6
CHM,49.01352,-121.0733,495,CHM-t-3,CHM262,2021,0
CHM,49.01352,-121.0733,495,CHM-t-3,CHM264,2020,97
CHM,49.01352,-121.0733,495,CHM-t-3,CHM264,2021,36
CHM,49.01352,-121.0733,495,CHM-t-3,CHM283,2020,2
CHM,49.01352,-121.0733,495,CHM-t-3,CHM283,2021,3
CHM,49.01352,-121.0733,495,CHM-t-3,CHM289,2020,2
CHM,49.01352,-121.0733,495,CHM-t-3,CHM289,2021,2
CHM,49.01352,-121.0733,495,CHM-t-3,CHM290,2020,1
CHM,49.01352,-121.0733,495,CHM-t-3,CHM290,2021,0
CHM,49.01352,-121.0733,495,CHM-t-3,CHM292,2020,60
CHM,49.01352,-121.0733,495,CHM-t-3,CHM292,2021,2
CHM,49.01352,-121.0733,495,CHM-t-3,CHM293,2020,37
CHM,49.01352,-121.0733,495,CHM-t-3,CHM293,2021,48
CHM,49.01352,-121.0733,495,CHM-t-3,CHM294,2020,18
CHM,49.01352,-121.0733,495,CHM-t-3,CHM294,2021,0
CHM,49.01352,-121.0733,495,CHM-t-3,CHM295,2020,2
CHM,49.01352,-121.0733,495,CHM-t-3,CHM295,2021,4
CHM,49.01352,-121.0733,495,CHM-t-3,CHM297,2020,82
CHM,49.01352,-121.0733,495,CHM-t-3,CHM297,2021,79
CHM,49.01352,-121.0733,495,CHM-t-4,CHM314,2020,2
CHM,49.01352,-121.0733,495,CHM-t-4,CHM314,2021,6
CHM,49.01352,-121.0733,495,CHM-t-4,CHM315,2020,9
CHM,49.01352,-121.0733,495,CHM-t-4,CHM315,2021,4
CHM,49.01352,-121.0733,495,CHM-t-4,CHM320,2020,9
CHM,49.01352,-121.0733,495,CHM-t-4,CHM320,2021,6
CHM,49.01352,-121.0733,495,CHM-t-4,CHM322,2020,6
CHM,49.01352,-121.0733,495,CHM-t-4,CHM322,2021,3
CHM,49.01352,-121.0733,495,CHM-t-4,CHM324,2020,3
CHM,49.01352,-121.0733,495,CHM-t-4,CHM324,2021,7
CHM,49.01352,-121.0733,495,CHM-t-4,CHM329,2020,8
CHM,49.01352,-121.0733,495,CHM-t-4,CHM329,2021,10
CHM,49.01352,-121.0733,495,CHM-t-4,CHM331,2020,0
CHM,49.01352,-121.0733,495,CHM-t-4,CHM331,2021,2
CHM,49.01352,-121.0733,495,CHM-t-4,CHM334,2020,40
CHM,49.01352,-121.0733,495,CHM-t-4,CHM334,2021,8
CHM,49.01352,-121.0733,495,CHM-t-4,CHM335,2020,0
CHM,49.01352,-121.0733,495,CHM-t-4,CHM335,2021,1
CHM,49.01352,-121.0733,495,CHM-t-4,CHM336,2020,0
CHM,49.01352,-121.0733,495,CHM-t-4,CHM336,2021,2
CHM,49.01352,-121.0733,495,CHM-t-4,CHM337,2020,0
CHM,49.01352,-121.0733,495,CHM-t-4,CHM337,2021,1
CHM,49.01352,-121.0733,495,CHM-t-4,CHM339,2020,0
CHM,49.01352,-121.0733,495,CHM-t-4,CHM339,2021,3
CHM,49.01352,-121.0733,495,CHM-t-4,CHM340,2020,3
CHM,49.01352,-121.0733,495,CHM-t-4,CHM340,2021,0
CHM,49.01352,-121.0733,495,CHM-t-4,CHM342,2020,25
CHM,49.01352,-121.0733,495,CHM-t-4,CHM342,2021,19
CHM,49.01352,-121.0733,495,CHM-t-4,CHM343,2020,7
CHM,49.01352,-121.0733,495,CHM-t-4,CHM343,2021,2
CHM,49.01352,-121.0733,495,CHM-t-4,CHM345,2020,4
CHM,49.01352,-121.0733,495,CHM-t-4,CHM345,2021,0
CHM,49.01352,-121.0733,495,CHM-t-4,CHM346,2020,3
CHM,49.01352,-121.0733,495,CHM-t-4,CHM346,2021,0
CHM,49.01352,-121.0733,495,CHM-t-4,CHM348,2020,63
CHM,49.01352,-121.0733,495,CHM-t-4,CHM348,2021,5
CHM,49.01352,-121.0733,495,CHM-t-4,CHM349a,2020,0
CHM,49.01352,-121.0733,495,CHM-t-4,CHM349a,2021,0
DRR,49.07905,-120.77009,1788,DRR-t-1,DRR22,2020,1
DRR,49.07905,-120.77009,1788,DRR-t-1,DRR22,2021,0
DRR,49.07905,-120.77009,1788,DRR-t-1,DRR38,2020,0
DRR,49.07905,-120.77009,1788,DRR-t-1,DRR38,2021,1
DRR,49.07905,-120.77009,1788,DRR-t-1,DRR39,2020,1
DRR,49.07905,-120.77009,1788,DRR-t-1,DRR39,2021,1
DRR,49.07905,-120.77009,1788,DRR-t-1,DRR43,2020,3
DRR,49.07905,-120.77009,1788,DRR-t-1,DRR43,2021,0
DRR,49.07905,-120.77009,1788,DRR-t-1,DRR55,2020,5
DRR,49.07905,-120.77009,1788,DRR-t-1,DRR55,2021,2
DRR,49.07905,-120.77009,1788,DRR-t-1,DRR98,2020,1
DRR,49.07905,-120.77009,1788,DRR-t-1,DRR98,2021,0
DRR,49.07905,-120.77009,1788,DRR-t-1,DRR117,2020,0
DRR,49.07905,-120.77009,1788,DRR-t-1,DRR117,2021,2
DRR,49.07905,-120.77009,1788,DRR-t-2,DRR140,2020,2
DRR,49.07905,-120.77009,1788,DRR-t-2,DRR140,2021,0
DRR,49.07905,-120.77009,1788,DRR-t-2,DRR159,2020,3
DRR,49.07905,-120.77009,1788,DRR-t-2,DRR159,2021,0
DRR,49.07905,-120.77009,1788,DRR-t-2,DRR160,2020,4
DRR,49.07905,-120.77009,1788,DRR-t-2,DRR160,2021,0
DRR,49.07905,-120.77009,1788,DRR-t-2,DRR168,2020,3
DRR,49.07905,-120.77009,1788,DRR-t-2,DRR168,2021,0
DRR,49.07905,-120.77009,1788,DRR-t-3,DRR191,2020,0
DRR,49.07905,-120.77009,1788,DRR-t-3,DRR191,2021,5
DRR,49.07905,-120.77009,1788,DRR-t-3,DRR198,2020,11
DRR,49.07905,-120.77009,1788,DRR-t-3,DRR198,2021,1
DRR,49.07905,-120.77009,1788,DRR-t-3,DRR199,2020,1
DRR,49.07905,-120.77009,1788,DRR-t-3,DRR199,2021,0
DRR,49.07905,-120.77009,1788,DRR-t-3,DRR203,2020,7
DRR,49.07905,-120.77009,1788,DRR-t-3,DRR203,2021,0
HEA,49.10806,-120.76019,1961,HEA-t-1,HEA2,2020,14
HEA,49.10806,-120.76019,1961,HEA-t-1,HEA2,2021,0
HEA,49.10806,-120.76019,1961,HEA-t-1,HEA3,2020,12
HEA,49.10806,-120.76019,1961,HEA-t-1,HEA3,2021,0
HEA,49.10806,-120.76019,1961,HEA-t-1,HEA9,2020,22
HEA,49.10806,-120.76019,1961,HEA-t-1,HEA9,2021,0
HEA,49.10806,-120.76019,1961,HEA-t-1,HEA12,2020,1
HEA,49.10806,-120.76019,1961,HEA-t-1,HEA12,2021,0
HEA,49.10806,-120.76019,1961,HEA-t-1,HEA27,2020,15
HEA,49.10806,-120.76019,1961,HEA-t-1,HEA27,2021,0
HEA,49.10806,-120.76019,1961,HEA-t-1,HEA40,2020,9
HEA,49.10806,-120.76019,1961,HEA-t-1,HEA40,2021,0
HEA,49.10806,-120.76019,1961,HEA-t-1,HEA43,2020,16
HEA,49.10806,-120.76019,1961,HEA-t-1,HEA43,2021,0
HEA,49.10806,-120.76019,1961,HEA-t-1,HEA45,2020,23
HEA,49.10806,-120.76019,1961,HEA-t-1,HEA45,2021,0
HEA,49.10806,-120.76019,1961,HEA-t-1,HEA46,2020,3
HEA,49.10806,-120.76019,1961,HEA-t-1,HEA46,2021,0
HEA,49.10806,-120.76019,1961,HEA-t-1,HEA59,2020,4
HEA,49.10806,-120.76019,1961,HEA-t-1,HEA59,2021,0
HEA,49.10806,-120.76019,1961,HEA-t-1,HEA61,2020,4
HEA,49.10806,-120.76019,1961,HEA-t-1,HEA61,2021,0
HEA,49.10806,-120.76019,1961,HEA-t-2,HEA64,2020,29
HEA,49.10806,-120.76019,1961,HEA-t-2,HEA64,2021,0
HEA,49.10806,-120.76019,1961,HEA-t-2,HEA70,2020,5
HEA,49.10806,-120.76019,1961,HEA-t-2,HEA70,2021,0
HEA,49.10806,-120.76019,1961,HEA-t-2,HEA71,2020,7
HEA,49.10806,-120.76019,1961,HEA-t-2,HEA71,2021,0
HEA,49.10806,-120.76019,1961,HEA-t-2,HEA72,2020,10
HEA,49.10806,-120.76019,1961,HEA-t-2,HEA72,2021,0
HEA,49.10806,-120.76019,1961,HEA-t-2,HEA76,2020,19
HEA,49.10806,-120.76019,1961,HEA-t-2,HEA76,2021,0
HEA,49.10806,-120.76019,1961,HEA-t-2,HEA77,2020,3
HEA,49.10806,-120.76019,1961,HEA-t-2,HEA77,2021,0
HEA,49.10806,-120.76019,1961,HEA-t-2,HEA81,2020,8
HEA,49.10806,-120.76019,1961,HEA-t-2,HEA81,2021,0
HEA,49.10806,-120.76019,1961,HEA-t-2,HEA82,2020,10
HEA,49.10806,-120.76019,1961,HEA-t-2,HEA82,2021,0
HEA,49.10806,-120.76019,1961,HEA-t-2,HEA84,2020,22
HEA,49.10806,-120.76019,1961,HEA-t-2,HEA84,2021,1
HEA,49.10806,-120.76019,1961,HEA-t-2,HEA85,2020,54
HEA,49.10806,-120.76019,1961,HEA-t-2,HEA85,2021,7
HEA,49.10806,-120.76019,1961,HEA-t-2,HEA89,2020,8
HEA,49.10806,-120.76019,1961,HEA-t-2,HEA89,2021,0
HEA,49.10806,-120.76019,1961,HEA-t-2,HEA92,2020,0
HEA,49.10806,-120.76019,1961,HEA-t-2,HEA92,2021,5
HEA,49.10806,-120.76019,1961,HEA-t-2,HEA95,2020,1
HEA,49.10806,-120.76019,1961,HEA-t-2,HEA95,2021,0
HEA,49.10806,-120.76019,1961,HEA-t-2,HEA149,2020,35
HEA,49.10806,-120.76019,1961,HEA-t-2,HEA149,2021,0
HEA,49.10806,-120.76019,1961,HEA-t-2,HEA156,2020,3
HEA,49.10806,-120.76019,1961,HEA-t-2,HEA156,2021,0
HEA,49.10806,-120.76019,1961,HEA-t-2,HEA158,2020,13
HEA,49.10806,-120.76019,1961,HEA-t-2,HEA158,2021,0
HEA,49.10806,-120.76019,1961,HEA-t-2,HEA161,2020,10
HEA,49.10806,-120.76019,1961,HEA-t-2,HEA161,2021,0
HEA,49.10806,-120.76019,1961,HEA-t-2,HEA169,2020,4
HEA,49.10806,-120.76019,1961,HEA-t-2,HEA169,2021,0
HEA,49.10806,-120.76019,1961,HEA-t-2,HEA173,2020,23
HEA,49.10806,-120.76019,1961,HEA-t-2,HEA173,2021,0
HEA,49.10806,-120.76019,1961,HEA-t-2,HEA175,2020,10
HEA,49.10806,-120.76019,1961,HEA-t-2,HEA175,2021,0
HEA,49.10806,-120.76019,1961,HEA-t-2,HEA188,2020,2
HEA,49.10806,-120.76019,1961,HEA-t-2,HEA188,2021,0
HEA,49.10806,-120.76019,1961,HEA-t-2,HEA320,2020,18
HEA,49.10806,-120.76019,1961,HEA-t-2,HEA320,2021,0
HEA,49.10806,-120.76019,1961,HEA-t-3,HEA232,2020,10
HEA,49.10806,-120.76019,1961,HEA-t-3,HEA232,2021,0
HEA,49.10806,-120.76019,1961,HEA-t-3,HEA236,2020,0
HEA,49.10806,-120.76019,1961,HEA-t-3,HEA236,2021,1
HEA,49.10806,-120.76019,1961,HEA-t-3,HEA237,2020,6
HEA,49.10806,-120.76019,1961,HEA-t-3,HEA237,2021,0
HEA,49.10806,-120.76019,1961,HEA-t-3,HEA240,2020,3
HEA,49.10806,-120.76019,1961,HEA-t-3,HEA240,2021,0
HEA,49.10806,-120.76019,1961,HEA-t-3,HEA243,2020,2
HEA,49.10806,-120.76019,1961,HEA-t-3,HEA243,2021,0
HEA,49.10806,-120.76019,1961,HEA-t-3,HEA245,2020,6
HEA,49.10806,-120.76019,1961,HEA-t-3,HEA245,2021,0
HEA,49.10806,-120.76019,1961,HEA-t-3,HEA250,2020,7
HEA,49.10806,-120.76019,1961,HEA-t-3,HEA250,2021,0
HEA,49.10806,-120.76019,1961,HEA-t-3,HEA252,2020,0
HEA,49.10806,-120.76019,1961,HEA-t-3,HEA252,2021,0
HEA,49.10806,-120.76019,1961,HEA-t-3,HEA255,2020,1
HEA,49.10806,-120.76019,1961,HEA-t-3,HEA255,2021,0
HEA,49.10806,-120.76019,1961,HEA-t-3,HEA259,2020,15
HEA,49.10806,-120.76019,1961,HEA-t-3,HEA259,2021,3
HEA,49.10806,-120.76019,1961,HEA-t-3,HEA260,2020,3
HEA,49.10806,-120.76019,1961,HEA-t-3,HEA260,2021,0
HEA,49.10806,-120.76019,1961,HEA-t-3,HEA261,2020,35
HEA,49.10806,-120.76019,1961,HEA-t-3,HEA261,2021,0
HEA,49.10806,-120.76019,1961,HEA-t-3,HEA265,2020,9
HEA,49.10806,-120.76019,1961,HEA-t-3,HEA265,2021,0
HEA,49.10806,-120.76019,1961,HEA-t-4,HEA267,2020,0
HEA,49.10806,-120.76019,1961,HEA-t-4,HEA267,2021,0
HEA,49.10806,-120.76019,1961,HEA-t-4,HEA269,2020,0
HEA,49.10806,-120.76019,1961,HEA-t-4,HEA269,2021,0
HEA,49.10806,-120.76019,1961,HEA-t-4,HEA270,2020,3
HEA,49.10806,-120.76019,1961,HEA-t-4,HEA270,2021,0
HEA,49.10806,-120.76019,1961,HEA-t-4,HEA271,2020,2
HEA,49.10806,-120.76019,1961,HEA-t-4,HEA271,2021,0
HEA,49.10806,-120.76019,1961,HEA-t-4,HEA276,2020,0
HEA,49.10806,-120.76019,1961,HEA-t-4,HEA276,2021,0
HEA,49.10806,-120.76019,1961,HEA-t-4,HEA279,2020,6
HEA,49.10806,-120.76019,1961,HEA-t-4,HEA279,2021,0
HEA,49.10806,-120.76019,1961,HEA-t-4,HEA281,2020,17
HEA,49.10806,-120.76019,1961,HEA-t-4,HEA281,2021,0
HEA,49.10806,-120.76019,1961,HEA-t-4,HEA290,2020,4
HEA,49.10806,-120.76019,1961,HEA-t-4,HEA290,2021,0
HEA,49.10806,-120.76019,1961,HEA-t-4,HEA291,2020,0
HEA,49.10806,-120.76019,1961,HEA-t-4,HEA291,2021,0
HEA,49.10806,-120.76019,1961,HEA-t-4,HEA292,2020,0
HEA,49.10806,-120.76019,1961,HEA-t-4,HEA292,2021,0
HEA,49.10806,-120.76019,1961,HEA-t-4,HEA302,2020,1
HEA,49.10806,-120.76019,1961,HEA-t-4,HEA302,2021,0
HEA,49.10806,-120.76019,1961,HEA-t-4,HEA303,2020,41
HEA,49.10806,-120.76019,1961,HEA-t-4,HEA303,2021,0
HEA,49.10806,-120.76019,1961,HEA-t-4,HEA310,2020,1
HEA,49.10806,-120.76019,1961,HEA-t-4,HEA310,2021,0
SIM,49.06298,-120.79806,1190,SIM-t-1,SIM25,2020,45
SIM,49.06298,-120.79806,1190,SIM-t-1,SIM25,2021,0
SIM,49.06298,-120.79806,1190,SIM-t-1,SIM26,2020,2
SIM,49.06298,-120.79806,1190,SIM-t-1,SIM26,2021,0
SIM,49.06298,-120.79806,1190,SIM-t-1,SIM36,2020,101
SIM,49.06298,-120.79806,1190,SIM-t-1,SIM36,2021,0
SIM,49.06298,-120.79806,1190,SIM-t-1,SIM38,2020,8
SIM,49.06298,-120.79806,1190,SIM-t-1,SIM38,2021,0
SIM,49.06298,-120.79806,1190,SIM-t-1,SIM72,2020,12
SIM,49.06298,-120.79806,1190,SIM-t-1,SIM72,2021,0
SIM,49.06298,-120.79806,1190,SIM-t-1,SIM79,2020,16
SIM,49.06298,-120.79806,1190,SIM-t-1,SIM79,2021,0
SIM,49.06298,-120.79806,1190,SIM-t-1,SIM84,2020,10
SIM,49.06298,-120.79806,1190,SIM-t-1,SIM84,2021,0
SIM,49.06298,-120.79806,1190,SIM-t-1,SIM87,2020,98
SIM,49.06298,-120.79806,1190,SIM-t-1,SIM87,2021,0
SIM,49.06298,-120.79806,1190,SIM-t-1,SIM88,2020,14
SIM,49.06298,-120.79806,1190,SIM-t-1,SIM88,2021,0
SIM,49.06298,-120.79806,1190,SIM-t-1,SIM92,2020,6
SIM,49.06298,-120.79806,1190,SIM-t-1,SIM92,2021,0
SIM,49.06298,-120.79806,1190,SIM-t-1,SIM93,2020,23
SIM,49.06298,-120.79806,1190,SIM-t-1,SIM93,2021,0
SIM,49.06298,-120.79806,1190,SIM-t-1,SIM96,2020,42
SIM,49.06298,-120.79806,1190,SIM-t-1,SIM96,2021,22
SIM,49.06298,-120.79806,1190,SIM-t-2,SIM98,2020,9
SIM,49.06298,-120.79806,1190,SIM-t-2,SIM98,2021,0
SIM,49.06298,-120.79806,1190,SIM-t-2,SIM99,2020,16
SIM,49.06298,-120.79806,1190,SIM-t-2,SIM99,2021,0
SIM,49.06298,-120.79806,1190,SIM-t-2,SIM101,2020,24
SIM,49.06298,-120.79806,1190,SIM-t-2,SIM101,2021,0
SIM,49.06298,-120.79806,1190,SIM-t-2,SIM104,2020,1
SIM,49.06298,-120.79806,1190,SIM-t-2,SIM104,2021,0
SIM,49.06298,-120.79806,1190,SIM-t-2,SIM106,2020,50
SIM,49.06298,-120.79806,1190,SIM-t-2,SIM106,2021,0
SIM,49.06298,-120.79806,1190,SIM-t-2,SIM107,2020,39
SIM,49.06298,-120.79806,1190,SIM-t-2,SIM107,2021,0
SIM,49.06298,-120.79806,1190,SIM-t-2,SIM108,2020,7
SIM,49.06298,-120.79806,1190,SIM-t-2,SIM108,2021,0
SIM,49.06298,-120.79806,1190,SIM-t-2,SIM111,2020,59
SIM,49.06298,-120.79806,1190,SIM-t-2,SIM111,2021,0
SIM,49.06298,-120.79806,1190,SIM-t-2,SIM113,2020,29
SIM,49.06298,-120.79806,1190,SIM-t-2,SIM113,2021,0
SIM,49.06298,-120.79806,1190,SIM-t-2,SIM114,2020,6
SIM,49.06298,-120.79806,1190,SIM-t-2,SIM114,2021,0
SIM,49.06298,-120.79806,1190,SIM-t-2,SIM115,2020,76
SIM,49.06298,-120.79806,1190,SIM-t-2,SIM115,2021,0
SIM,49.06298,-120.79806,1190,SIM-t-2,SIM116,2020,8
SIM,49.06298,-120.79806,1190,SIM-t-2,SIM116,2021,0
SIM,49.06298,-120.79806,1190,SIM-t-2,SIM117,2020,178
SIM,49.06298,-120.79806,1190,SIM-t-2,SIM117,2021,0
SIM,49.06298,-120.79806,1190,SIM-t-2,SIM118,2020,68
SIM,49.06298,-120.79806,1190,SIM-t-2,SIM118,2021,0
SIM,49.06298,-120.79806,1190,SIM-t-2,SIM121,2020,3
SIM,49.06298,-120.79806,1190,SIM-t-2,SIM121,2021,0
SIM,49.06298,-120.79806,1190,SIM-t-2,SIM130,2020,44
SIM,49.06298,-120.79806,1190,SIM-t-2,SIM130,2021,0
SIM,49.06298,-120.79806,1190,SIM-t-2,SIM133,2020,41
SIM,49.06298,-120.79806,1190,SIM-t-2,SIM133,2021,0
SIM,49.06298,-120.79806,1190,SIM-t-2,SIM136,2020,15
SIM,49.06298,-120.79806,1190,SIM-t-2,SIM136,2021,0
SIM,49.06298,-120.79806,1190,SIM-t-2,SIM138,2020,26
SIM,49.06298,-120.79806,1190,SIM-t-2,SIM138,2021,0
SIM,49.06298,-120.79806,1190,SIM-t-2,SIM320,2020,12
SIM,49.06298,-120.79806,1190,SIM-t-2,SIM320,2021,0
SIM,49.06298,-120.79806,1190,SIM-t-3,SIM139,2020,14
SIM,49.06298,-120.79806,1190,SIM-t-3,SIM139,2021,0
SIM,49.06298,-120.79806,1190,SIM-t-3,SIM140,2020,10
SIM,49.06298,-120.79806,1190,SIM-t-3,SIM140,2021,0
SIM,49.06298,-120.79806,1190,SIM-t-3,SIM141,2020,6
SIM,49.06298,-120.79806,1190,SIM-t-3,SIM141,2021,0
SIM,49.06298,-120.79806,1190,SIM-t-3,SIM145,2020,15
SIM,49.06298,-120.79806,1190,SIM-t-3,SIM145,2021,0
SIM,49.06298,-120.79806,1190,SIM-t-3,SIM146,2020,75
SIM,49.06298,-120.79806,1190,SIM-t-3,SIM146,2021,0
SIM,49.06298,-120.79806,1190,SIM-t-3,SIM151,2020,175
SIM,49.06298,-120.79806,1190,SIM-t-3,SIM151,2021,0
SIM,49.06298,-120.79806,1190,SIM-t-3,SIM153,2020,1
SIM,49.06298,-120.79806,1190,SIM-t-3,SIM153,2021,0
SIM,49.06298,-120.79806,1190,SIM-t-3,SIM156,2020,3
SIM,49.06298,-120.79806,1190,SIM-t-3,SIM156,2021,0
SIM,49.06298,-120.79806,1190,SIM-t-3,SIM158,2020,10
SIM,49.06298,-120.79806,1190,SIM-t-3,SIM158,2021,0
SIM,49.06298,-120.79806,1190,SIM-t-3,SIM159,2020,39
SIM,49.06298,-120.79806,1190,SIM-t-3,SIM159,2021,0
SIM,49.06298,-120.79806,1190,SIM-t-3,SIM160,2020,2
SIM,49.06298,-120.79806,1190,SIM-t-3,SIM160,2021,0
SIM,49.06298,-120.79806,1190,SIM-t-3,SIM165,2020,199
SIM,49.06298,-120.79806,1190,SIM-t-3,SIM165,2021,0
SIM,49.06298,-120.79806,1190,SIM-t-3,SIM166,2020,5
SIM,49.06298,-120.79806,1190,SIM-t-3,SIM166,2021,0
SIM,49.06298,-120.79806,1190,SIM-t-3,SIM208,2020,33
SIM,49.06298,-120.79806,1190,SIM-t-3,SIM208,2021,0
SIM,49.06298,-120.79806,1190,SIM-t-3,SIM209,2020,74
SIM,49.06298,-120.79806,1190,SIM-t-3,SIM209,2021,0
SIM,49.06298,-120.79806,1190,SIM-t-3,SIM210,2020,22
SIM,49.06298,-120.79806,1190,SIM-t-3,SIM210,2021,0
SIM,49.06298,-120.79806,1190,SIM-t-3,SIM212,2020,105
SIM,49.06298,-120.79806,1190,SIM-t-3,SIM212,2021,0
SIM,49.06298,-120.79806,1190,SIM-t-3,SIM214,2020,5
SIM,49.06298,-120.79806,1190,SIM-t-3,SIM214,2021,0
SIM,49.06298,-120.79806,1190,SIM-t-3,SIM215,2020,17
SIM,49.06298,-120.79806,1190,SIM-t-3,SIM215,2021,0
SIM,49.06298,-120.79806,1190,SIM-t-3,SIM218,2020,8
SIM,49.06298,-120.79806,1190,SIM-t-3,SIM218,2021,0
SIM,49.06298,-120.79806,1190,SIM-t-3,SIM220,2020,10
SIM,49.06298,-120.79806,1190,SIM-t-3,SIM220,2021,0
SIM,49.06298,-120.79806,1190,SIM-t-3,SIM221,2020,69
SIM,49.06298,-120.79806,1190,SIM-t-3,SIM221,2021,0
SIM,49.06298,-120.79806,1190,SIM-t-4,SIM259,2020,12
SIM,49.06298,-120.79806,1190,SIM-t-4,SIM259,2021,0
SIM,49.06298,-120.79806,1190,SIM-t-4,SIM260,2020,47
SIM,49.06298,-120.79806,1190,SIM-t-4,SIM260,2021,0
SIM,49.06298,-120.79806,1190,SIM-t-4,SIM261,2020,73
SIM,49.06298,-120.79806,1190,SIM-t-4,SIM261,2021,0
SIM,49.06298,-120.79806,1190,SIM-t-4,SIM264,2020,14
SIM,49.06298,-120.79806,1190,SIM-t-4,SIM264,2021,0
SIM,49.06298,-120.79806,1190,SIM-t-4,SIM265,2020,50
SIM,49.06298,-120.79806,1190,SIM-t-4,SIM265,2021,0
SIM,49.06298,-120.79806,1190,SIM-t-4,SIM266,2020,24
SIM,49.06298,-120.79806,1190,SIM-t-4,SIM266,2021,0
SIM,49.06298,-120.79806,1190,SIM-t-4,SIM268,2020,1
SIM,49.06298,-120.79806,1190,SIM-t-4,SIM268,2021,0
SIM,49.06298,-120.79806,1190,SIM-t-4,SIM269,2020,4
SIM,49.06298,-120.79806,1190,SIM-t-4,SIM269,2021,0
SIM,49.06298,-120.79806,1190,SIM-t-4,SIM270,2020,34
SIM,49.06298,-120.79806,1190,SIM-t-4,SIM270,2021,0
SIM,49.06298,-120.79806,1190,SIM-t-4,SIM274,2020,3
SIM,49.06298,-120.79806,1190,SIM-t-4,SIM274,2021,0
SIM,49.06298,-120.79806,1190,SIM-t-4,SIM276,2020,49
SIM,49.06298,-120.79806,1190,SIM-t-4,SIM276,2021,0
SIM,49.06298,-120.79806,1190,SIM-t-4,SIM277,2020,26
SIM,49.06298,-120.79806,1190,SIM-t-4,SIM277,2021,0
SIM,49.06298,-120.79806,1190,SIM-t-4,SIM278,2020,22
SIM,49.06298,-120.79806,1190,SIM-t-4,SIM278,2021,0
SIM,49.06298,-120.79806,1190,SIM-t-4,SIM282,2020,25
SIM,49.06298,-120.79806,1190,SIM-t-4,SIM282,2021,0
SIM,49.06298,-120.79806,1190,SIM-t-4,SIM287,2020,153
SIM,49.06298,-120.79806,1190,SIM-t-4,SIM287,2021,0
SIM,49.06298,-120.79806,1190,SIM-t-4,SIM288,2020,8
SIM,49.06298,-120.79806,1190,SIM-t-4,SIM288,2021,0
SIM,49.06298,-120.79806,1190,SIM-t-4,SIM289,2020,68
SIM,49.06298,-120.79806,1190,SIM-t-4,SIM289,2021,0
SIM,49.06298,-120.79806,1190,SIM-t-4,SIM290,2020,30
SIM,49.06298,-120.79806,1190,SIM-t-4,SIM290,2021,0
SIM,49.06298,-120.79806,1190,SIM-t-4,SIM291,2020,1
SIM,49.06298,-120.79806,1190,SIM-t-4,SIM291,2021,0
SIM,49.06298,-120.79806,1190,SIM-t-4,SIM292,2020,7
SIM,49.06298,-120.79806,1190,SIM-t-4,SIM292,2021,0
SIM,49.06298,-120.79806,1190,SIM-t-4,SIM293,2020,6
SIM,49.06298,-120.79806,1190,SIM-t-4,SIM293,2021,0
SIM,49.06298,-120.79806,1190,SIM-t-4,SIM294,2020,24
SIM,49.06298,-120.79806,1190,SIM-t-4,SIM294,2021,0
SIM,49.06298,-120.79806,1190,SIM-t-4,SIM300,2020,5
SIM,49.06298,-120.79806,1190,SIM-t-4,SIM300,2021,0
SIM,49.06298,-120.79806,1190,SIM-t-4,SIM302,2020,4
SIM,49.06298,-120.79806,1190,SIM-t-4,SIM302,2021,0
SIM,49.06298,-120.79806,1190,SIM-t-4,SIM314,2020,90
SIM,49.06298,-120.79806,1190,SIM-t-4,SIM314,2021,0
SLB,49.04306,-121.03989,903,SLB-t-1,SLB2,2020,0
SLB,49.04306,-121.03989,903,SLB-t-1,SLB2,2021,0
SLB,49.04306,-121.03989,903,SLB-t-1,SLB4,2020,8
SLB,49.04306,-121.03989,903,SLB-t-1,SLB4,2021,0
SLB,49.04306,-121.03989,903,SLB-t-1,SLB7,2020,0
SLB,49.04306,-121.03989,903,SLB-t-1,SLB7,2021,1
SLB,49.04306,-121.03989,903,SLB-t-1,SLB15,2020,16
SLB,49.04306,-121.03989,903,SLB-t-1,SLB15,2021,7
SLB,49.04306,-121.03989,903,SLB-t-1,SLB18,2020,0
SLB,49.04306,-121.03989,903,SLB-t-1,SLB18,2021,1
SLB,49.04306,-121.03989,903,SLB-t-1,SLB22,2020,5
SLB,49.04306,-121.03989,903,SLB-t-1,SLB22,2021,5
SLB,49.04306,-121.03989,903,SLB-t-1,SLB23,2020,9
SLB,49.04306,-121.03989,903,SLB-t-1,SLB23,2021,5
SLB,49.04306,-121.03989,903,SLB-t-1,SLB24,2020,0
SLB,49.04306,-121.03989,903,SLB-t-1,SLB24,2021,4
SLB,49.04306,-121.03989,903,SLB-t-1,SLB25,2020,16
SLB,49.04306,-121.03989,903,SLB-t-1,SLB25,2021,10
SLB,49.04306,-121.03989,903,SLB-t-1,SLB29,2020,0
SLB,49.04306,-121.03989,903,SLB-t-1,SLB29,2021,1
SLB,49.04306,-121.03989,903,SLB-t-1,SLB36,2020,5
SLB,49.04306,-121.03989,903,SLB-t-1,SLB36,2021,2
SLB,49.04306,-121.03989,903,SLB-t-1,SLB40,2020,8
SLB,49.04306,-121.03989,903,SLB-t-1,SLB40,2021,17
SLB,49.04306,-121.03989,903,SLB-t-1,SLB45,2020,0
SLB,49.04306,-121.03989,903,SLB-t-1,SLB45,2021,4
SLB,49.04306,-121.03989,903,SLB-t-1,SLB46,2020,0
SLB,49.04306,-121.03989,903,SLB-t-1,SLB46,2021,0
SLB,49.04306,-121.03989,903,SLB-t-1,SLB51,2020,1
SLB,49.04306,-121.03989,903,SLB-t-1,SLB51,2021,33
SLB,49.04306,-121.03989,903,SLB-t-1,SLB56,2020,1
SLB,49.04306,-121.03989,903,SLB-t-1,SLB56,2021,6
SLB,49.04306,-121.03989,903,SLB-t-1,SLB58,2020,0
SLB,49.04306,-121.03989,903,SLB-t-1,SLB58,2021,6
SLB,49.04306,-121.03989,903,SLB-t-1,SLB61,2020,0
SLB,49.04306,-121.03989,903,SLB-t-1,SLB61,2021,4
SLB,49.04306,-121.03989,903,SLB-t-1,SLB62,2020,0
SLB,49.04306,-121.03989,903,SLB-t-1,SLB62,2021,5
SLB,49.04306,-121.03989,903,SLB-t-1,SLB63,2020,0
SLB,49.04306,-121.03989,903,SLB-t-1,SLB63,2021,2
SLB,49.04306,-121.03989,903,SLB-t-1,SLB65,2020,0
SLB,49.04306,-121.03989,903,SLB-t-1,SLB65,2021,2
SLB,49.04306,-121.03989,903,SLB-t-1,SLB71,2020,8
SLB,49.04306,-121.03989,903,SLB-t-1,SLB71,2021,3
SLB,49.04306,-121.03989,903,SLB-t-1,SLB72,2020,0
SLB,49.04306,-121.03989,903,SLB-t-1,SLB72,2021,2
SLB,49.04306,-121.03989,903,SLB-t-1,SLB75,2020,0
SLB,49.04306,-121.03989,903,SLB-t-1,SLB75,2021,3
SLB,49.04306,-121.03989,903,SLB-t-1,SLB78,2020,0
SLB,49.04306,-121.03989,903,SLB-t-1,SLB78,2021,1
SLB,49.04306,-121.03989,903,SLB-t-1,SLB80,2020,15
SLB,49.04306,-121.03989,903,SLB-t-1,SLB80,2021,0
SLB,49.04306,-121.03989,903,SLB-t-1,SLB81,2020,10
SLB,49.04306,-121.03989,903,SLB-t-1,SLB81,2021,0
SLB,49.04306,-121.03989,903,SLB-t-1,SLB89,2020,0
SLB,49.04306,-121.03989,903,SLB-t-1,SLB89,2021,7
SLB,49.04306,-121.03989,903,SLB-t-1,SLB91,2020,0
SLB,49.04306,-121.03989,903,SLB-t-1,SLB91,2021,9
SLB,49.04306,-121.03989,903,SLB-t-1,SLB92,2020,9
SLB,49.04306,-121.03989,903,SLB-t-1,SLB92,2021,0
SLB,49.04306,-121.03989,903,SLB-t-1,SLB93,2020,0
SLB,49.04306,-121.03989,903,SLB-t-1,SLB93,2021,0
SLB,49.04306,-121.03989,903,SLB-t-1,SLB94,2020,1
SLB,49.04306,-121.03989,903,SLB-t-1,SLB94,2021,0
SLB,49.04306,-121.03989,903,SLB-t-1,SLB96,2020,6
SLB,49.04306,-121.03989,903,SLB-t-1,SLB96,2021,3
SLB,49.04306,-121.03989,903,SLB-t-1,SLB100,2020,53
SLB,49.04306,-121.03989,903,SLB-t-1,SLB100,2021,0
SLB,49.04306,-121.03989,903,SLB-t-1,SLB114,2020,23
SLB,49.04306,-121.03989,903,SLB-t-1,SLB114,2021,8
SLB,49.04306,-121.03989,903,SLB-t-2,SLB118,2020,16
SLB,49.04306,-121.03989,903,SLB-t-2,SLB118,2021,0
SLB,49.04306,-121.03989,903,SLB-t-2,SLB121,2020,22
SLB,49.04306,-121.03989,903,SLB-t-2,SLB121,2021,0
SLB,49.04306,-121.03989,903,SLB-t-2,SLB122,2020,17
SLB,49.04306,-121.03989,903,SLB-t-2,SLB122,2021,0
SLB,49.04306,-121.03989,903,SLB-t-2,SLB123,2020,0
SLB,49.04306,-121.03989,903,SLB-t-2,SLB123,2021,0
SLB,49.04306,-121.03989,903,SLB-t-2,SLB127,2020,3
SLB,49.04306,-121.03989,903,SLB-t-2,SLB127,2021,0
SLB,49.04306,-121.03989,903,SLB-t-2,SLB128,2020,0
SLB,49.04306,-121.03989,903,SLB-t-2,SLB128,2021,2
SLB,49.04306,-121.03989,903,SLB-t-2,SLB129,2020,21
SLB,49.04306,-121.03989,903,SLB-t-2,SLB129,2021,0
SLB,49.04306,-121.03989,903,SLB-t-2,SLB131,2020,2
SLB,49.04306,-121.03989,903,SLB-t-2,SLB131,2021,0
SLB,49.04306,-121.03989,903,SLB-t-2,SLB133,2020,0
SLB,49.04306,-121.03989,903,SLB-t-2,SLB133,2021,4
SLB,49.04306,-121.03989,903,SLB-t-2,SLB145,2020,2
SLB,49.04306,-121.03989,903,SLB-t-2,SLB145,2021,1
SLB,49.04306,-121.03989,903,SLB-t-2,SLB150,2020,9
SLB,49.04306,-121.03989,903,SLB-t-2,SLB150,2021,5
SLB,49.04306,-121.03989,903,SLB-t-2,SLB156,2020,0
SLB,49.04306,-121.03989,903,SLB-t-2,SLB156,2021,1
SLB,49.04306,-121.03989,903,SLB-t-2,SLB160,2020,0
SLB,49.04306,-121.03989,903,SLB-t-2,SLB160,2021,2
SLB,49.04306,-121.03989,903,SLB-t-2,SLB164,2020,8
SLB,49.04306,-121.03989,903,SLB-t-2,SLB164,2021,1
SLB,49.04306,-121.03989,903,SLB-t-2,SLB169,2020,3
SLB,49.04306,-121.03989,903,SLB-t-2,SLB169,2021,0
SLB,49.04306,-121.03989,903,SLB-t-2,SLB176,2020,7
SLB,49.04306,-121.03989,903,SLB-t-2,SLB176,2021,0
SLB,49.04306,-121.03989,903,SLB-t-3,SLB177,2020,13
SLB,49.04306,-121.03989,903,SLB-t-3,SLB177,2021,0
SLB,49.04306,-121.03989,903,SLB-t-3,SLB182,2020,2
SLB,49.04306,-121.03989,903,SLB-t-3,SLB182,2021,4
SLB,49.04306,-121.03989,903,SLB-t-3,SLB184,2020,10
SLB,49.04306,-121.03989,903,SLB-t-3,SLB184,2021,0
SLB,49.04306,-121.03989,903,SLB-t-3,SLB188,2020,0
SLB,49.04306,-121.03989,903,SLB-t-3,SLB188,2021,4
SLB,49.04306,-121.03989,903,SLB-t-3,SLB192,2020,10
SLB,49.04306,-121.03989,903,SLB-t-3,SLB192,2021,0
SLB,49.04306,-121.03989,903,SLB-t-3,SLB200,2020,8
SLB,49.04306,-121.03989,903,SLB-t-3,SLB200,2021,2
SLB,49.04306,-121.03989,903,SLB-t-3,SLB228,2020,5
SLB,49.04306,-121.03989,903,SLB-t-3,SLB228,2021,0
SLB,49.04306,-121.03989,903,SLB-t-3,SLB231,2020,6
SLB,49.04306,-121.03989,903,SLB-t-3,SLB231,2021,3
SLB,49.04306,-121.03989,903,SLB-t-3,SLB232,2020,8
SLB,49.04306,-121.03989,903,SLB-t-3,SLB232,2021,3
SLB,49.04306,-121.03989,903,SLB-t-4,SLB237,2020,6
SLB,49.04306,-121.03989,903,SLB-t-4,SLB237,2021,4
SLC,49.04854,-120.91223,1681,SLC-t-1,SLC28,2020,67
SLC,49.04854,-120.91223,1681,SLC-t-1,SLC28,2021,3
SLC,49.04854,-120.91223,1681,SLC-t-1,SLC29,2020,36
SLC,49.04854,-120.91223,1681,SLC-t-1,SLC29,2021,1
SLC,49.04854,-120.91223,1681,SLC-t-1,SLC30,2020,8
SLC,49.04854,-120.91223,1681,SLC-t-1,SLC30,2021,5
SLC,49.04854,-120.91223,1681,SLC-t-1,SLC35,2020,45
SLC,49.04854,-120.91223,1681,SLC-t-1,SLC35,2021,0
SLC,49.04854,-120.91223,1681,SLC-t-1,SLC36,2020,7
SLC,49.04854,-120.91223,1681,SLC-t-1,SLC36,2021,4
SLC,49.04854,-120.91223,1681,SLC-t-1,SLC37,2020,133
SLC,49.04854,-120.91223,1681,SLC-t-1,SLC37,2021,0
SLC,49.04854,-120.91223,1681,SLC-t-1,SLC38,2020,17
SLC,49.04854,-120.91223,1681,SLC-t-1,SLC38,2021,0
SLC,49.04854,-120.91223,1681,SLC-t-1,SLC39,2020,18
SLC,49.04854,-120.91223,1681,SLC-t-1,SLC39,2021,0
SLC,49.04854,-120.91223,1681,SLC-t-1,SLC40,2020,8
SLC,49.04854,-120.91223,1681,SLC-t-1,SLC40,2021,0
SLC,49.04854,-120.91223,1681,SLC-t-1,SLC41,2020,31
SLC,49.04854,-120.91223,1681,SLC-t-1,SLC41,2021,1
SLC,49.04854,-120.91223,1681,SLC-t-1,SLC57,2020,33
SLC,49.04854,-120.91223,1681,SLC-t-1,SLC57,2021,4
SLC,49.04854,-120.91223,1681,SLC-t-1,SLC58,2020,49
SLC,49.04854,-120.91223,1681,SLC-t-1,SLC58,2021,5
SLC,49.04854,-120.91223,1681,SLC-t-1,SLC60,2020,30
SLC,49.04854,-120.91223,1681,SLC-t-1,SLC60,2021,13
SLC,49.04854,-120.91223,1681,SLC-t-1,SLC64,2020,12
SLC,49.04854,-120.91223,1681,SLC-t-1,SLC64,2021,3
SLC,49.04854,-120.91223,1681,SLC-t-1,SLC65,2020,2
SLC,49.04854,-120.91223,1681,SLC-t-1,SLC65,2021,0
SLC,49.04854,-120.91223,1681,SLC-t-1,SLC66,2020,122
SLC,49.04854,-120.91223,1681,SLC-t-1,SLC66,2021,3
SLC,49.04854,-120.91223,1681,SLC-t-1,SLC67,2020,7
SLC,49.04854,-120.91223,1681,SLC-t-1,SLC67,2021,0
SLC,49.04854,-120.91223,1681,SLC-t-1,SLC276,2020,6
SLC,49.04854,-120.91223,1681,SLC-t-1,SLC276,2021,0
SLC,49.04854,-120.91223,1681,SLC-t-2,SLC70,2020,152
SLC,49.04854,-120.91223,1681,SLC-t-2,SLC70,2021,0
SLC,49.04854,-120.91223,1681,SLC-t-2,SLC71,2020,20
SLC,49.04854,-120.91223,1681,SLC-t-2,SLC71,2021,0
SLC,49.04854,-120.91223,1681,SLC-t-2,SLC74,2020,74
SLC,49.04854,-120.91223,1681,SLC-t-2,SLC74,2021,0
SLC,49.04854,-120.91223,1681,SLC-t-2,SLC82,2020,38
SLC,49.04854,-120.91223,1681,SLC-t-2,SLC82,2021,0
SLC,49.04854,-120.91223,1681,SLC-t-2,SLC87,2020,49
SLC,49.04854,-120.91223,1681,SLC-t-2,SLC87,2021,0
SLC,49.04854,-120.91223,1681,SLC-t-2,SLC88,2020,30
SLC,49.04854,-120.91223,1681,SLC-t-2,SLC88,2021,0
SLC,49.04854,-120.91223,1681,SLC-t-2,SLC89,2020,37
SLC,49.04854,-120.91223,1681,SLC-t-2,SLC89,2021,0
SLC,49.04854,-120.91223,1681,SLC-t-2,SLC98,2020,14
SLC,49.04854,-120.91223,1681,SLC-t-2,SLC98,2021,0
SLC,49.04854,-120.91223,1681,SLC-t-2,SLC100,2020,33
SLC,49.04854,-120.91223,1681,SLC-t-2,SLC100,2021,4
SLC,49.04854,-120.91223,1681,SLC-t-2,SLC104,2020,16
SLC,49.04854,-120.91223,1681,SLC-t-2,SLC104,2021,21
SLC,49.04854,-120.91223,1681,SLC-t-2,SLC105,2020,20
SLC,49.04854,-120.91223,1681,SLC-t-2,SLC105,2021,14
SLC,49.04854,-120.91223,1681,SLC-t-2,SLC106,2020,0
SLC,49.04854,-120.91223,1681,SLC-t-2,SLC106,2021,2
SLC,49.04854,-120.91223,1681,SLC-t-2,SLC108,2020,181
SLC,49.04854,-120.91223,1681,SLC-t-2,SLC108,2021,31
SLC,49.04854,-120.91223,1681,SLC-t-2,SLC109,2020,16
SLC,49.04854,-120.91223,1681,SLC-t-2,SLC109,2021,0
SLC,49.04854,-120.91223,1681,SLC-t-2,SLC112,2020,86
SLC,49.04854,-120.91223,1681,SLC-t-2,SLC112,2021,0
SLC,49.04854,-120.91223,1681,SLC-t-2,SLC114,2020,83
SLC,49.04854,-120.91223,1681,SLC-t-2,SLC114,2021,0
SLC,49.04854,-120.91223,1681,SLC-t-2,SLC115,2020,128
SLC,49.04854,-120.91223,1681,SLC-t-2,SLC115,2021,0
SLC,49.04854,-120.91223,1681,SLC-t-3,SLC151,2020,95
SLC,49.04854,-120.91223,1681,SLC-t-3,SLC151,2021,0
SLC,49.04854,-120.91223,1681,SLC-t-3,SLC163,2020,11
SLC,49.04854,-120.91223,1681,SLC-t-3,SLC163,2021,0
SLC,49.04854,-120.91223,1681,SLC-t-3,SLC164,2020,188
SLC,49.04854,-120.91223,1681,SLC-t-3,SLC164,2021,0
SLC,49.04854,-120.91223,1681,SLC-t-3,SLC166,2020,84
SLC,49.04854,-120.91223,1681,SLC-t-3,SLC166,2021,0
SLC,49.04854,-120.91223,1681,SLC-t-3,SLC172,2020,0
SLC,49.04854,-120.91223,1681,SLC-t-3,SLC172,2021,0
SLC,49.04854,-120.91223,1681,SLC-t-3,SLC182,2020,8
SLC,49.04854,-120.91223,1681,SLC-t-3,SLC182,2021,0
SLC,49.04854,-120.91223,1681,SLC-t-3,SLC234,2020,14
SLC,49.04854,-120.91223,1681,SLC-t-3,SLC234,2021,0
SLC,49.04854,-120.91223,1681,SLC-t-3,SLC236,2020,2
SLC,49.04854,-120.91223,1681,SLC-t-3,SLC236,2021,0
SLC,49.04854,-120.91223,1681,SLC-t-3,SLC246,2020,4
SLC,49.04854,-120.91223,1681,SLC-t-3,SLC246,2021,0
SLC,49.04854,-120.91223,1681,SLC-t-4,SLC252,2020,0
SLC,49.04854,-120.91223,1681,SLC-t-4,SLC252,2021,0
STF,49.06717,-120.8978,1365,STF-t-1,STF6,2020,9
STF,49.06717,-120.8978,1365,STF-t-1,STF6,2021,0
STF,49.06717,-120.8978,1365,STF-t-1,STF18,2020,0
STF,49.06717,-120.8978,1365,STF-t-1,STF18,2021,0
STF,49.06717,-120.8978,1365,STF-t-1,STF19,2020,7
STF,49.06717,-120.8978,1365,STF-t-1,STF19,2021,0
STF,49.06717,-120.8978,1365,STF-t-1,STF20,2020,0
STF,49.06717,-120.8978,1365,STF-t-1,STF20,2021,0
STF,49.06717,-120.8978,1365,STF-t-1,STF22,2020,17
STF,49.06717,-120.8978,1365,STF-t-1,STF22,2021,0
STF,49.06717,-120.8978,1365,STF-t-1,STF23,2020,8
STF,49.06717,-120.8978,1365,STF-t-1,STF23,2021,0
STF,49.06717,-120.8978,1365,STF-t-1,STF24,2020,9
STF,49.06717,-120.8978,1365,STF-t-1,STF24,2021,0
STF,49.06717,-120.8978,1365,STF-t-1,STF28,2020,25
STF,49.06717,-120.8978,1365,STF-t-1,STF28,2021,0
STF,49.06717,-120.8978,1365,STF-t-1,STF29,2020,7
STF,49.06717,-120.8978,1365,STF-t-1,STF29,2021,0
STF,49.06717,-120.8978,1365,STF-t-1,STF30,2020,1
STF,49.06717,-120.8978,1365,STF-t-1,STF30,2021,0
STF,49.06717,-120.8978,1365,STF-t-1,STF36,2020,0
STF,49.06717,-120.8978,1365,STF-t-1,STF36,2021,0
STF,49.06717,-120.8978,1365,STF-t-1,STF41,2020,2
STF,49.06717,-120.8978,1365,STF-t-1,STF41,2021,0
STF,49.06717,-120.8978,1365,STF-t-1,STF61,2020,1
STF,49.06717,-120.8978,1365,STF-t-1,STF61,2021,0
STF,49.06717,-120.8978,1365,STF-t-1,STF66,2020,6
STF,49.06717,-120.8978,1365,STF-t-1,STF66,2021,0
STF,49.06717,-120.8978,1365,STF-t-1,STF79,2020,9
STF,49.06717,-120.8978,1365,STF-t-1,STF79,2021,1
STF,49.06717,-120.8978,1365,STF-t-1,STF71,2020,2
STF,49.06717,-120.8978,1365,STF-t-1,STF71,2021,0
STF,49.06717,-120.8978,1365,STF-t-1,STF73,2020,0
STF,49.06717,-120.8978,1365,STF-t-1,STF73,2021,0
STF,49.06717,-120.8978,1365,STF-t-1,STF75,2020,0
STF,49.06717,-120.8978,1365,STF-t-1,STF75,2021,0
STF,49.06717,-120.8978,1365,STF-t-1,STF77,2020,25
STF,49.06717,-120.8978,1365,STF-t-1,STF77,2021,2
STF,49.06717,-120.8978,1365,STF-t-1,STF81,2020,0
STF,49.06717,-120.8978,1365,STF-t-1,STF81,2021,0
STF,49.06717,-120.8978,1365,STF-t-1,STF84,2020,9
STF,49.06717,-120.8978,1365,STF-t-1,STF84,2021,0
STF,49.06717,-120.8978,1365,STF-t-1,STF86,2020,11
STF,49.06717,-120.8978,1365,STF-t-1,STF86,2021,0
STF,49.06717,-120.8978,1365,STF-t-1,STF352,2020,9
STF,49.06717,-120.8978,1365,STF-t-1,STF352,2021,0
STF,49.06717,-120.8978,1365,STF-t-2,STF103,2020,0
STF,49.06717,-120.8978,1365,STF-t-2,STF103,2021,0
STF,49.06717,-120.8978,1365,STF-t-2,STF104,2020,0
STF,49.06717,-120.8978,1365,STF-t-2,STF104,2021,0
STF,49.06717,-120.8978,1365,STF-t-2,STF108,2020,3
STF,49.06717,-120.8978,1365,STF-t-2,STF108,2021,0
STF,49.06717,-120.8978,1365,STF-t-2,STF113,2020,6
STF,49.06717,-120.8978,1365,STF-t-2,STF113,2021,0
STF,49.06717,-120.8978,1365,STF-t-2,STF118,2020,13
STF,49.06717,-120.8978,1365,STF-t-2,STF118,2021,0
STF,49.06717,-120.8978,1365,STF-t-2,STF122,2020,4
STF,49.06717,-120.8978,1365,STF-t-2,STF122,2021,0
STF,49.06717,-120.8978,1365,STF-t-2,STF125,2020,2
STF,49.06717,-120.8978,1365,STF-t-2,STF125,2021,0
STF,49.06717,-120.8978,1365,STF-t-2,STF147,2020,5
STF,49.06717,-120.8978,1365,STF-t-2,STF147,2021,0
STF,49.06717,-120.8978,1365,STF-t-2,STF150,2020,23
STF,49.06717,-120.8978,1365,STF-t-2,STF150,2021,0
STF,49.06717,-120.8978,1365,STF-t-2,STF153,2020,3
STF,49.06717,-120.8978,1365,STF-t-2,STF153,2021,0
STF,49.06717,-120.8978,1365,STF-t-2,STF154,2020,0
STF,49.06717,-120.8978,1365,STF-t-2,STF154,2021,0
STF,49.06717,-120.8978,1365,STF-t-2,STF159,2020,0
STF,49.06717,-120.8978,1365,STF-t-2,STF159,2021,0
STF,49.06717,-120.8978,1365,STF-t-2,STF168,2020,143
STF,49.06717,-120.8978,1365,STF-t-2,STF168,2021,0
STF,49.06717,-120.8978,1365,STF-t-2,STF177,2020,3
STF,49.06717,-120.8978,1365,STF-t-2,STF177,2021,0
STF,49.06717,-120.8978,1365,STF-t-2,STF183,2020,8
STF,49.06717,-120.8978,1365,STF-t-2,STF183,2021,0
STF,49.06717,-120.8978,1365,STF-t-2,STF184,2020,2
STF,49.06717,-120.8978,1365,STF-t-2,STF184,2021,0
STF,49.06717,-120.8978,1365,STF-t-2,STF185,2020,6
STF,49.06717,-120.8978,1365,STF-t-2,STF185,2021,0
STF,49.06717,-120.8978,1365,STF-t-3,STF213,2020,3
STF,49.06717,-120.8978,1365,STF-t-3,STF213,2021,0
STF,49.06717,-120.8978,1365,STF-t-3,STF215,2020,0
STF,49.06717,-120.8978,1365,STF-t-3,STF215,2021,0
STF,49.06717,-120.8978,1365,STF-t-3,STF216,2020,1
STF,49.06717,-120.8978,1365,STF-t-3,STF216,2021,0
STF,49.06717,-120.8978,1365,STF-t-3,STF218,2020,0
STF,49.06717,-120.8978,1365,STF-t-3,STF218,2021,0
STF,49.06717,-120.8978,1365,STF-t-3,STF219,2020,0
STF,49.06717,-120.8978,1365,STF-t-3,STF219,2021,0
STF,49.06717,-120.8978,1365,STF-t-3,STF228,2020,2
STF,49.06717,-120.8978,1365,STF-t-3,STF228,2021,0
STF,49.06717,-120.8978,1365,STF-t-3,STF232,2020,5
STF,49.06717,-120.8978,1365,STF-t-3,STF232,2021,0
STF,49.06717,-120.8978,1365,STF-t-3,STF233,2020,0
STF,49.06717,-120.8978,1365,STF-t-3,STF233,2021,0
STF,49.06717,-120.8978,1365,STF-t-3,STF235,2020,3
STF,49.06717,-120.8978,1365,STF-t-3,STF235,2021,0
STF,49.06717,-120.8978,1365,STF-t-3,STF240,2020,2
STF,49.06717,-120.8978,1365,STF-t-3,STF240,2021,0
STF,49.06717,-120.8978,1365,STF-t-3,STF242,2020,17
STF,49.06717,-120.8978,1365,STF-t-3,STF242,2021,0
STF,49.06717,-120.8978,1365,STF-t-3,STF243,2020,3
STF,49.06717,-120.8978,1365,STF-t-3,STF243,2021,0
STF,49.06717,-120.8978,1365,STF-t-3,STF244,2020,2
STF,49.06717,-120.8978,1365,STF-t-3,STF244,2021,0
STF,49.06717,-120.8978,1365,STF-t-3,STF261,2020,0
STF,49.06717,-120.8978,1365,STF-t-3,STF261,2021,0
STF,49.06717,-120.8978,1365,STF-t-3,STF263,2020,3
STF,49.06717,-120.8978,1365,STF-t-3,STF263,2021,0
STF,49.06717,-120.8978,1365,STF-t-3,STF274,2020,0
STF,49.06717,-120.8978,1365,STF-t-3,STF274,2021,0
STF,49.06717,-120.8978,1365,STF-t-3,STF279,2020,10
STF,49.06717,-120.8978,1365,STF-t-3,STF279,2021,0
STF,49.06717,-120.8978,1365,STF-t-3,STF288,2020,5
STF,49.06717,-120.8978,1365,STF-t-3,STF288,2021,0
STF,49.06717,-120.8978,1365,STF-t-3,STF293,2020,9
STF,49.06717,-120.8978,1365,STF-t-3,STF293,2021,0
STF,49.06717,-120.8978,1365,STF-t-4,STF308,2020,7
STF,49.06717,-120.8978,1365,STF-t-4,STF308,2021,0
STF,49.06717,-120.8978,1365,STF-t-4,STF310,2020,12
STF,49.06717,-120.8978,1365,STF-t-4,STF310,2021,0
STF,49.06717,-120.8978,1365,STF-t-4,STF311,2020,25
STF,49.06717,-120.8978,1365,STF-t-4,STF311,2021,0
STF,49.06717,-120.8978,1365,STF-t-4,STF321,2020,0
STF,49.06717,-120.8978,1365,STF-t-4,STF321,2021,0
STF,49.06717,-120.8978,1365,STF-t-4,STF323,2020,3
STF,49.06717,-120.8978,1365,STF-t-4,STF323,2021,0
STF,49.06717,-120.8978,1365,STF-t-4,STF336,2020,0
STF,49.06717,-120.8978,1365,STF-t-4,STF336,2021,0
BLW,49.07117,-120.76961,1549,BLW-t-2,BLW24,2020,0
BLW,49.07117,-120.76961,1549,BLW-t-2,BLW24,2021,1
BLW,49.07117,-120.76961,1549,BLW-t-4,BLW169,2020,6
BLW,49.07117,-120.76961,1549,BLW-t-4,BLW169,2021,0
SLB,49.04306,-121.03989,903,SLB-t-1,SLB116,2020,6
SLB,49.04306,-121.03989,903,SLB-t-1,SLB116,2021,0
SLB,49.04306,-121.03989,903,SLB-t-2,SLB323,2020,0
SLB,49.04306,-121.03989,903,SLB-t-2,SLB323,2021,2
SLB,49.04306,-121.03989,903,SLB-t-2,SLB342,2020,0
SLB,49.04306,-121.03989,903,SLB-t-2,SLB342,2021,2
SLC,49.04854,-120.91223,1681,SLC-t-4,SLC351,2020,0
SLC,49.04854,-120.91223,1681,SLC-t-4,SLC351,2021,2
BLW,49.07117,-120.76961,1549,BLW-t-1,BLW5,2020,2
BLW,49.07117,-120.76961,1549,BLW-t-1,BLW5,2021,0
BLW,49.07117,-120.76961,1549,BLW-t-1,BLW10,2020,7
BLW,49.07117,-120.76961,1549,BLW-t-1,BLW10,2021,0
BLW,49.07117,-120.76961,1549,BLW-t-1,BLW16,2020,4
BLW,49.07117,-120.76961,1549,BLW-t-1,BLW16,2021,0
BLW,49.07117,-120.76961,1549,BLW-t-2,BLW29,2020,0
BLW,49.07117,-120.76961,1549,BLW-t-2,BLW29,2021,0
BLW,49.07117,-120.76961,1549,BLW-t-2,BLW32,2020,2
BLW,49.07117,-120.76961,1549,BLW-t-2,BLW32,2021,0
BLW,49.07117,-120.76961,1549,BLW-t-2,BLW37,2020,0
BLW,49.07117,-120.76961,1549,BLW-t-2,BLW37,2021,0
BLW,49.07117,-120.76961,1549,BLW-t-2,BLW84,2020,5
BLW,49.07117,-120.76961,1549,BLW-t-2,BLW84,2021,0
BLW,49.07117,-120.76961,1549,BLW-t-3,BLW119,2020,3
BLW,49.07117,-120.76961,1549,BLW-t-3,BLW119,2021,0
BLW,49.07117,-120.76961,1549,BLW-t-3,BLW122,2020,22
BLW,49.07117,-120.76961,1549,BLW-t-3,BLW122,2021,0
BLW,49.07117,-120.76961,1549,BLW-t-3,BLW132,2020,7
BLW,49.07117,-120.76961,1549,BLW-t-3,BLW132,2021,0
BLW,49.07117,-120.76961,1549,BLW-t-3,BLW135,2020,0
BLW,49.07117,-120.76961,1549,BLW-t-3,BLW135,2021,0
CHM,49.01352,-121.0733,495,CHM-t-1,CHM58,2020,0
CHM,49.01352,-121.0733,495,CHM-t-1,CHM58,2021,0
CHM,49.01352,-121.0733,495,CHM-t-1,CHM60,2020,5
CHM,49.01352,-121.0733,495,CHM-t-1,CHM60,2021,0
CHM,49.01352,-121.0733,495,CHM-t-1,CHM61,2020,1
CHM,49.01352,-121.0733,495,CHM-t-1,CHM61,2021,0
CHM,49.01352,-121.0733,495,CHM-t-1,CHM109,2020,7
CHM,49.01352,-121.0733,495,CHM-t-1,CHM109,2021,0
CHM,49.01352,-121.0733,495,CHM-t-1,CHM113,2020,13
CHM,49.01352,-121.0733,495,CHM-t-1,CHM113,2021,0
CHM,49.01352,-121.0733,495,CHM-t-1,CHM114,2020,4
CHM,49.01352,-121.0733,495,CHM-t-1,CHM114,2021,0
CHM,49.01352,-121.0733,495,CHM-t-1,CHM116,2020,8
CHM,49.01352,-121.0733,495,CHM-t-1,CHM116,2021,0
CHM,49.01352,-121.0733,495,CHM-t-1,CHM117,2020,27
CHM,49.01352,-121.0733,495,CHM-t-1,CHM117,2021,0
CHM,49.01352,-121.0733,495,CHM-t-1,CHM118,2020,2
CHM,49.01352,-121.0733,495,CHM-t-1,CHM118,2021,0
CHM,49.01352,-121.0733,495,CHM-t-2,CHM168,2020,1
CHM,49.01352,-121.0733,495,CHM-t-2,CHM168,2021,0
CHM,49.01352,-121.0733,495,CHM-t-2,CHM169,2020,11
CHM,49.01352,-121.0733,495,CHM-t-2,CHM169,2021,0
CHM,49.01352,-121.0733,495,CHM-t-2,CHM239,2020,30
CHM,49.01352,-121.0733,495,CHM-t-2,CHM239,2021,0
CHM,49.01352,-121.0733,495,CHM-t-2,CHM242,2020,29
CHM,49.01352,-121.0733,495,CHM-t-2,CHM242,2021,0
CHM,49.01352,-121.0733,495,CHM-t-2,CHM244,2020,8
CHM,49.01352,-121.0733,495,CHM-t-2,CHM244,2021,0
CHM,49.01352,-121.0733,495,CHM-t-3,CHM269,2020,61
CHM,49.01352,-121.0733,495,CHM-t-3,CHM269,2021,0
CHM,49.01352,-121.0733,495,CHM-t-3,CHM277,2020,6
CHM,49.01352,-121.0733,495,CHM-t-3,CHM277,2021,0
CHM,49.01352,-121.0733,495,CHM-t-3,CHM278,2020,81
CHM,49.01352,-121.0733,495,CHM-t-3,CHM278,2021,0
CHM,49.01352,-121.0733,495,CHM-t-3,CHM281,2020,3
CHM,49.01352,-121.0733,495,CHM-t-3,CHM281,2021,0
CHM,49.01352,-121.0733,495,CHM-t-3,CHM304,2020,52
CHM,49.01352,-121.0733,495,CHM-t-3,CHM304,2021,0
CHM,49.01352,-121.0733,495,CHM-t-3,CHM305,2020,21
CHM,49.01352,-121.0733,495,CHM-t-3,CHM305,2021,0
CHM,49.01352,-121.0733,495,CHM-t-3,CHM306,2020,35
CHM,49.01352,-121.0733,495,CHM-t-3,CHM306,2021,0
CHM,49.01352,-121.0733,495,CHM-t-4,CHM307a,2020,0
CHM,49.01352,-121.0733,495,CHM-t-4,CHM307a,2021,0
CHM,49.01352,-121.0733,495,CHM-t-4,CHM310,2020,14
CHM,49.01352,-121.0733,495,CHM-t-4,CHM310,2021,0
CHM,49.01352,-121.0733,495,CHM-t-4,CHM326,2020,23
CHM,49.01352,-121.0733,495,CHM-t-4,CHM326,2021,0
CHM,49.01352,-121.0733,495,CHM-t-4,CHM327,2020,32
CHM,49.01352,-121.0733,495,CHM-t-4,CHM327,2021,0
HEA,49.10806,-120.76019,1961,HEA-t-2,HEA105,2020,16
HEA,49.10806,-120.76019,1961,HEA-t-2,HEA105,2021,0
HEA,49.10806,-120.76019,1961,HEA-t-2,HEA122,2020,3
HEA,49.10806,-120.76019,1961,HEA-t-2,HEA122,2021,0
HEA,49.10806,-120.76019,1961,HEA-t-2,HEA123,2020,18
HEA,49.10806,-120.76019,1961,HEA-t-2,HEA123,2021,0
HEA,49.10806,-120.76019,1961,HEA-t-2,HEA127,2020,3
HEA,49.10806,-120.76019,1961,HEA-t-2,HEA127,2021,0
HEA,49.10806,-120.76019,1961,HEA-t-2,HEA130,2020,4
HEA,49.10806,-120.76019,1961,HEA-t-2,HEA130,2021,0
HEA,49.10806,-120.76019,1961,HEA-t-2,HEA143,2020,11
HEA,49.10806,-120.76019,1961,HEA-t-2,HEA143,2021,0
HEA,49.10806,-120.76019,1961,HEA-t-2,HEA147,2020,4
HEA,49.10806,-120.76019,1961,HEA-t-2,HEA147,2021,0
HEA,49.10806,-120.76019,1961,HEA-t-2,HEA193,2020,0
HEA,49.10806,-120.76019,1961,HEA-t-2,HEA193,2021,0
HEA,49.10806,-120.76019,1961,HEA-t-2,HEA197,2020,4
HEA,49.10806,-120.76019,1961,HEA-t-2,HEA197,2021,0
HEA,49.10806,-120.76019,1961,HEA-t-2,HEA204,2020,1
HEA,49.10806,-120.76019,1961,HEA-t-2,HEA204,2021,0
HEA,49.10806,-120.76019,1961,HEA-t-2,HEA218,2020,5
HEA,49.10806,-120.76019,1961,HEA-t-2,HEA218,2021,0
HEA,49.10806,-120.76019,1961,HEA-t-2,HEA222,2020,2
HEA,49.10806,-120.76019,1961,HEA-t-2,HEA222,2021,0
HEA,49.10806,-120.76019,1961,HEA-t-2,HEA226,2020,10
HEA,49.10806,-120.76019,1961,HEA-t-2,HEA226,2021,0
HEA,49.10806,-120.76019,1961,HEA-t-2,HEA230,2020,3
HEA,49.10806,-120.76019,1961,HEA-t-2,HEA230,2021,0
HEA,49.10806,-120.76019,1961,HEA-t-2,HEA231,2020,0
HEA,49.10806,-120.76019,1961,HEA-t-2,HEA231,2021,0
SIM,49.06298,-120.79806,1190,SIM-t-1,SIM1,2020,17
SIM,49.06298,-120.79806,1190,SIM-t-1,SIM1,2021,0
SIM,49.06298,-120.79806,1190,SIM-t-1,SIM39,2020,45
SIM,49.06298,-120.79806,1190,SIM-t-1,SIM39,2021,0
SIM,49.06298,-120.79806,1190,SIM-t-1,SIM40,2020,4
SIM,49.06298,-120.79806,1190,SIM-t-1,SIM40,2021,0
SIM,49.06298,-120.79806,1190,SIM-t-1,SIM41,2020,10
SIM,49.06298,-120.79806,1190,SIM-t-1,SIM41,2021,0
SIM,49.06298,-120.79806,1190,SIM-t-1,SIM42,2020,63
SIM,49.06298,-120.79806,1190,SIM-t-1,SIM42,2021,0
SIM,49.06298,-120.79806,1190,SIM-t-1,SIM44,2020,7
SIM,49.06298,-120.79806,1190,SIM-t-1,SIM44,2021,0
SIM,49.06298,-120.79806,1190,SIM-t-1,SIM49,2020,3
SIM,49.06298,-120.79806,1190,SIM-t-1,SIM49,2021,0
SIM,49.06298,-120.79806,1190,SIM-t-1,SIM50,2020,3
SIM,49.06298,-120.79806,1190,SIM-t-1,SIM50,2021,0
SIM,49.06298,-120.79806,1190,SIM-t-1,SIM53,2020,17
SIM,49.06298,-120.79806,1190,SIM-t-1,SIM53,2021,0
SIM,49.06298,-120.79806,1190,SIM-t-1,SIM58,2020,51
SIM,49.06298,-120.79806,1190,SIM-t-1,SIM58,2021,0
SIM,49.06298,-120.79806,1190,SIM-t-1,SIM59,2020,2
SIM,49.06298,-120.79806,1190,SIM-t-1,SIM59,2021,0
SIM,49.06298,-120.79806,1190,SIM-t-1,SIM60,2020,27
SIM,49.06298,-120.79806,1190,SIM-t-1,SIM60,2021,0
SIM,49.06298,-120.79806,1190,SIM-t-1,SIM68,2020,21
SIM,49.06298,-120.79806,1190,SIM-t-1,SIM68,2021,0
SIM,49.06298,-120.79806,1190,SIM-t-1,SIM69,2020,13
SIM,49.06298,-120.79806,1190,SIM-t-1,SIM69,2021,0
SIM,49.06298,-120.79806,1190,SIM-t-1,SIM71,2020,7
SIM,49.06298,-120.79806,1190,SIM-t-1,SIM71,2021,0
SIM,49.06298,-120.79806,1190,SIM-t-3,SIM175,2020,12
SIM,49.06298,-120.79806,1190,SIM-t-3,SIM175,2021,0
SIM,49.06298,-120.79806,1190,SIM-t-3,SIM176,2020,11
SIM,49.06298,-120.79806,1190,SIM-t-3,SIM176,2021,0
SIM,49.06298,-120.79806,1190,SIM-t-3,SIM195,2020,28
SIM,49.06298,-120.79806,1190,SIM-t-3,SIM195,2021,0
SIM,49.06298,-120.79806,1190,SIM-t-3,SIM200,2020,8
SIM,49.06298,-120.79806,1190,SIM-t-3,SIM200,2021,0
SIM,49.06298,-120.79806,1190,SIM-t-3,SIM205,2020,67
SIM,49.06298,-120.79806,1190,SIM-t-3,SIM205,2021,0
SIM,49.06298,-120.79806,1190,SIM-t-3,SIM229,2020,236
SIM,49.06298,-120.79806,1190,SIM-t-3,SIM229,2021,0
SIM,49.06298,-120.79806,1190,SIM-t-3,SIM232,2020,33
SIM,49.06298,-120.79806,1190,SIM-t-3,SIM232,2021,0
SIM,49.06298,-120.79806,1190,SIM-t-3,SIM242,2020,11
SIM,49.06298,-120.79806,1190,SIM-t-3,SIM242,2021,0
SIM,49.06298,-120.79806,1190,SIM-t-3,SIM244,2020,7
SIM,49.06298,-120.79806,1190,SIM-t-3,SIM244,2021,0
SIM,49.06298,-120.79806,1190,SIM-t-3,SIM253,2020,176
SIM,49.06298,-120.79806,1190,SIM-t-3,SIM253,2021,0
SIM,49.06298,-120.79806,1190,SIM-t-4,SIM313,2020,1
SIM,49.06298,-120.79806,1190,SIM-t-4,SIM313,2021,0
SLB,49.04306,-121.03989,903,SLB-t-1,SLB11,2020,9
SLB,49.04306,-121.03989,903,SLB-t-1,SLB11,2021,0
SLB,49.04306,-121.03989,903,SLB-t-1,SLB13,2020,7
SLB,49.04306,-121.03989,903,SLB-t-1,SLB13,2021,0
SLB,49.04306,-121.03989,903,SLB-t-1,SLB17,2020,0
SLB,49.04306,-121.03989,903,SLB-t-1,SLB17,2021,0
SLB,49.04306,-121.03989,903,SLB-t-1,SLB34,2020,13
SLB,49.04306,-121.03989,903,SLB-t-1,SLB34,2021,0
SLB,49.04306,-121.03989,903,SLB-t-1,SLB39,2020,8
SLB,49.04306,-121.03989,903,SLB-t-1,SLB39,2021,0
SLB,49.04306,-121.03989,903,SLB-t-1,SLB48,2020,0
SLB,49.04306,-121.03989,903,SLB-t-1,SLB48,2021,0
SLB,49.04306,-121.03989,903,SLB-t-1,SLB49,2020,0
SLB,49.04306,-121.03989,903,SLB-t-1,SLB49,2021,0
SLB,49.04306,-121.03989,903,SLB-t-1,SLB76,2020,0
SLB,49.04306,-121.03989,903,SLB-t-1,SLB76,2021,0
SLB,49.04306,-121.03989,903,SLB-t-1,SLB84,2020,1
SLB,49.04306,-121.03989,903,SLB-t-1,SLB84,2021,0
SLB,49.04306,-121.03989,903,SLB-t-1,SLB99,2020,4
SLB,49.04306,-121.03989,903,SLB-t-1,SLB99,2021,0
SLB,49.04306,-121.03989,903,SLB-t-1,SLB104,2020,5
SLB,49.04306,-121.03989,903,SLB-t-1,SLB104,2021,0
SLB,49.04306,-121.03989,903,SLB-t-1,SLB108,2020,3
SLB,49.04306,-121.03989,903,SLB-t-1,SLB108,2021,0
SLB,49.04306,-121.03989,903,SLB-t-1,SLB109,2020,4
SLB,49.04306,-121.03989,903,SLB-t-1,SLB109,2021,0
SLB,49.04306,-121.03989,903,SLB-t-2,SLB132,2020,0
SLB,49.04306,-121.03989,903,SLB-t-2,SLB132,2021,0
SLB,49.04306,-121.03989,903,SLB-t-2,SLB135,2020,4
SLB,49.04306,-121.03989,903,SLB-t-2,SLB135,2021,0
SLB,49.04306,-121.03989,903,SLB-t-2,SLB136,2020,6
SLB,49.04306,-121.03989,903,SLB-t-2,SLB136,2021,0
SLB,49.04306,-121.03989,903,SLB-t-2,SLB138,2020,7
SLB,49.04306,-121.03989,903,SLB-t-2,SLB138,2021,0
SLB,49.04306,-121.03989,903,SLB-t-2,SLB139,2020,6
SLB,49.04306,-121.03989,903,SLB-t-2,SLB139,2021,0
SLB,49.04306,-121.03989,903,SLB-t-2,SLB140,2020,4
SLB,49.04306,-121.03989,903,SLB-t-2,SLB140,2021,0
SLB,49.04306,-121.03989,903,SLB-t-2,SLB141,2020,9
SLB,49.04306,-121.03989,903,SLB-t-2,SLB141,2021,0
SLB,49.04306,-121.03989,903,SLB-t-2,SLB142,2020,14
SLB,49.04306,-121.03989,903,SLB-t-2,SLB142,2021,0
SLB,49.04306,-121.03989,903,SLB-t-2,SLB143,2020,5
SLB,49.04306,-121.03989,903,SLB-t-2,SLB143,2021,0
SLB,49.04306,-121.03989,903,SLB-t-2,SLB146,2020,2
SLB,49.04306,-121.03989,903,SLB-t-2,SLB146,2021,0
SLB,49.04306,-121.03989,903,SLB-t-2,SLB151,2020,12
SLB,49.04306,-121.03989,903,SLB-t-2,SLB151,2021,0
SLB,49.04306,-121.03989,903,SLB-t-2,SLB153,2020,6
SLB,49.04306,-121.03989,903,SLB-t-2,SLB153,2021,0
SLB,49.04306,-121.03989,903,SLB-t-2,SLB154,2020,3
SLB,49.04306,-121.03989,903,SLB-t-2,SLB154,2021,0
SLB,49.04306,-121.03989,903,SLB-t-2,SLB155,2020,7
SLB,49.04306,-121.03989,903,SLB-t-2,SLB155,2021,0
SLB,49.04306,-121.03989,903,SLB-t-2,SLB161,2020,5
SLB,49.04306,-121.03989,903,SLB-t-2,SLB161,2021,0
SLB,49.04306,-121.03989,903,SLB-t-2,SLB163,2020,18
SLB,49.04306,-121.03989,903,SLB-t-2,SLB163,2021,0
SLB,49.04306,-121.03989,903,SLB-t-2,SLB170,2020,1
SLB,49.04306,-121.03989,903,SLB-t-2,SLB170,2021,0
SLB,49.04306,-121.03989,903,SLB-t-2,SLB171,2020,8
SLB,49.04306,-121.03989,903,SLB-t-2,SLB171,2021,0
SLB,49.04306,-121.03989,903,SLB-t-2,SLB174,2020,17
SLB,49.04306,-121.03989,903,SLB-t-2,SLB174,2021,0
SLB,49.04306,-121.03989,903,SLB-t-3,SLB178,2020,9
SLB,49.04306,-121.03989,903,SLB-t-3,SLB178,2021,0
SLB,49.04306,-121.03989,903,SLB-t-3,SLB181,2020,2
SLB,49.04306,-121.03989,903,SLB-t-3,SLB181,2021,0
SLB,49.04306,-121.03989,903,SLB-t-3,SLB186,2020,4
SLB,49.04306,-121.03989,903,SLB-t-3,SLB186,2021,0
SLB,49.04306,-121.03989,903,SLB-t-3,SLB191,2020,3
SLB,49.04306,-121.03989,903,SLB-t-3,SLB191,2021,0
SLB,49.04306,-121.03989,903,SLB-t-3,SLB193,2020,4
SLB,49.04306,-121.03989,903,SLB-t-3,SLB193,2021,0
SLB,49.04306,-121.03989,903,SLB-t-3,SLB196,2020,4
SLB,49.04306,-121.03989,903,SLB-t-3,SLB196,2021,0
SLB,49.04306,-121.03989,903,SLB-t-3,SLB199,2020,0
SLB,49.04306,-121.03989,903,SLB-t-3,SLB199,2021,0
SLB,49.04306,-121.03989,903,SLB-t-3,SLB197,2020,4
SLB,49.04306,-121.03989,903,SLB-t-3,SLB197,2021,0
SLB,49.04306,-121.03989,903,SLB-t-3,SLB201,2020,14
SLB,49.04306,-121.03989,903,SLB-t-3,SLB201,2021,0
SLB,49.04306,-121.03989,903,SLB-t-3,SLB202,2020,4
SLB,49.04306,-121.03989,903,SLB-t-3,SLB202,2021,0
SLB,49.04306,-121.03989,903,SLB-t-3,SLB204,2020,21
SLB,49.04306,-121.03989,903,SLB-t-3,SLB204,2021,0
SLB,49.04306,-121.03989,903,SLB-t-3,SLB213,2020,0
SLB,49.04306,-121.03989,903,SLB-t-3,SLB213,2021,0
SLB,49.04306,-121.03989,903,SLB-t-3,SLB216,2020,7
SLB,49.04306,-121.03989,903,SLB-t-3,SLB216,2021,0
SLB,49.04306,-121.03989,903,SLB-t-3,SLB217,2020,4
SLB,49.04306,-121.03989,903,SLB-t-3,SLB217,2021,0
SLB,49.04306,-121.03989,903,SLB-t-3,SLB224,2020,4
SLB,49.04306,-121.03989,903,SLB-t-3,SLB224,2021,0
SLB,49.04306,-121.03989,903,SLB-t-3,SLB230,2020,3
SLB,49.04306,-121.03989,903,SLB-t-3,SLB230,2021,0
SLB,49.04306,-121.03989,903,SLB-t-3,SLB234,2020,2
SLB,49.04306,-121.03989,903,SLB-t-3,SLB234,2021,0
SLB,49.04306,-121.03989,903,SLB-t-4,SLB240,2020,9
SLB,49.04306,-121.03989,903,SLB-t-4,SLB240,2021,0
SLC,49.04854,-120.91223,1681,SLC-t-1,SLC273,2020,18
SLC,49.04854,-120.91223,1681,SLC-t-1,SLC273,2021,0
SLC,49.04854,-120.91223,1681,SLC-t-2,SLC92,2020,45
SLC,49.04854,-120.91223,1681,SLC-t-2,SLC92,2021,0
SLC,49.04854,-120.91223,1681,SLC-t-2,SLC94,2020,50
SLC,49.04854,-120.91223,1681,SLC-t-2,SLC94,2021,0
SLC,49.04854,-120.91223,1681,SLC-t-2,SLC95,2020,73
SLC,49.04854,-120.91223,1681,SLC-t-2,SLC95,2021,0
SLC,49.04854,-120.91223,1681,SLC-t-2,SLC96,2020,12
SLC,49.04854,-120.91223,1681,SLC-t-2,SLC96,2021,0
SLC,49.04854,-120.91223,1681,SLC-t-2,SLC116,2020,236
SLC,49.04854,-120.91223,1681,SLC-t-2,SLC116,2021,0
SLC,49.04854,-120.91223,1681,SLC-t-2,SLC123,2020,14
SLC,49.04854,-120.91223,1681,SLC-t-2,SLC123,2021,0
SLC,49.04854,-120.91223,1681,SLC-t-3,SLC142,2020,24
SLC,49.04854,-120.91223,1681,SLC-t-3,SLC142,2021,0
SLC,49.04854,-120.91223,1681,SLC-t-3,SLC145,2020,65
SLC,49.04854,-120.91223,1681,SLC-t-3,SLC145,2021,0
SLC,49.04854,-120.91223,1681,SLC-t-3,SLC197,2020,71
SLC,49.04854,-120.91223,1681,SLC-t-3,SLC197,2021,0
STF,49.06717,-120.8978,1365,STF-t-1,STF42,2020,5
STF,49.06717,-120.8978,1365,STF-t-1,STF42,2021,0
STF,49.06717,-120.8978,1365,STF-t-1,STF46,2020,5
STF,49.06717,-120.8978,1365,STF-t-1,STF46,2021,0
STF,49.06717,-120.8978,1365,STF-t-1,STF47,2020,5
STF,49.06717,-120.8978,1365,STF-t-1,STF47,2021,0
STF,49.06717,-120.8978,1365,STF-t-1,STF48,2020,1
STF,49.06717,-120.8978,1365,STF-t-1,STF48,2021,0
STF,49.06717,-120.8978,1365,STF-t-1,STF49,2020,7
STF,49.06717,-120.8978,1365,STF-t-1,STF49,2021,0
STF,49.06717,-120.8978,1365,STF-t-1,STF51,2020,12
STF,49.06717,-120.8978,1365,STF-t-1,STF51,2021,0
STF,49.06717,-120.8978,1365,STF-t-1,STF55,2020,1
STF,49.06717,-120.8978,1365,STF-t-1,STF55,2021,0
STF,49.06717,-120.8978,1365,STF-t-1,STF58,2020,1
STF,49.06717,-120.8978,1365,STF-t-1,STF58,2021,0
STF,49.06717,-120.8978,1365,STF-t-1,STF80,2020,6
STF,49.06717,-120.8978,1365,STF-t-1,STF80,2021,0
STF,49.06717,-120.8978,1365,STF-t-1,STF87,2020,5
STF,49.06717,-120.8978,1365,STF-t-1,STF87,2021,0
STF,49.06717,-120.8978,1365,STF-t-1,STF89,2020,14
STF,49.06717,-120.8978,1365,STF-t-1,STF89,2021,0
STF,49.06717,-120.8978,1365,STF-t-1,STF92,2020,4
STF,49.06717,-120.8978,1365,STF-t-1,STF92,2021,0
STF,49.06717,-120.8978,1365,STF-t-1,STF94,2020,25
STF,49.06717,-120.8978,1365,STF-t-1,STF94,2021,0
STF,49.06717,-120.8978,1365,STF-t-1,STF95,2020,7
STF,49.06717,-120.8978,1365,STF-t-1,STF95,2021,0
STF,49.06717,-120.8978,1365,STF-t-1,STF96,2020,2
STF,49.06717,-120.8978,1365,STF-t-1,STF96,2021,0
STF,49.06717,-120.8978,1365,STF-t-1,STF97,2020,0
STF,49.06717,-120.8978,1365,STF-t-1,STF97,2021,0
STF,49.06717,-120.8978,1365,STF-t-1,STF98,2020,0
STF,49.06717,-120.8978,1365,STF-t-1,STF98,2021,0
STF,49.06717,-120.8978,1365,STF-t-1,STF99,2020,4
STF,49.06717,-120.8978,1365,STF-t-1,STF99,2021,0
STF,49.06717,-120.8978,1365,STF-t-1,STF100,2020,1
STF,49.06717,-120.8978,1365,STF-t-1,STF100,2021,0
STF,49.06717,-120.8978,1365,STF-t-1,STF101,2020,4
STF,49.06717,-120.8978,1365,STF-t-1,STF101,2021,0
STF,49.06717,-120.8978,1365,STF-t-1,STF353,2020,4
STF,49.06717,-120.8978,1365,STF-t-1,STF353,2021,0
STF,49.06717,-120.8978,1365,STF-t-2,STF128,2020,2
STF,49.06717,-120.8978,1365,STF-t-2,STF128,2021,0
STF,49.06717,-120.8978,1365,STF-t-2,STF129,2020,3
STF,49.06717,-120.8978,1365,STF-t-2,STF129,2021,0
STF,49.06717,-120.8978,1365,STF-t-2,STF130,2020,6
STF,49.06717,-120.8978,1365,STF-t-2,STF130,2021,0
STF,49.06717,-120.8978,1365,STF-t-2,STF132,2020,4
STF,49.06717,-120.8978,1365,STF-t-2,STF132,2021,0
STF,49.06717,-120.8978,1365,STF-t-2,STF133,2020,5
STF,49.06717,-120.8978,1365,STF-t-2,STF133,2021,0
STF,49.06717,-120.8978,1365,STF-t-2,STF134,2020,9
STF,49.06717,-120.8978,1365,STF-t-2,STF134,2021,0
STF,49.06717,-120.8978,1365,STF-t-2,STF135,2020,6
STF,49.06717,-120.8978,1365,STF-t-2,STF135,2021,0
STF,49.06717,-120.8978,1365,STF-t-2,STF190,2020,5
STF,49.06717,-120.8978,1365,STF-t-2,STF190,2021,0
STF,49.06717,-120.8978,1365,STF-t-2,STF199,2020,5
STF,49.06717,-120.8978,1365,STF-t-2,STF199,2021,0
STF,49.06717,-120.8978,1365,STF-t-2,STF204,2020,16
STF,49.06717,-120.8978,1365,STF-t-2,STF204,2021,0
STF,49.06717,-120.8978,1365,STF-t-3,STF248,2020,2
STF,49.06717,-120.8978,1365,STF-t-3,STF248,2021,0
STF,49.06717,-120.8978,1365,STF-t-3,STF250,2020,0
STF,49.06717,-120.8978,1365,STF-t-3,STF250,2021,0
STF,49.06717,-120.8978,1365,STF-t-3,STF252,2020,0
STF,49.06717,-120.8978,1365,STF-t-3,STF252,2021,0
STF,49.06717,-120.8978,1365,STF-t-3,STF294,2020,1
STF,49.06717,-120.8978,1365,STF-t-3,STF294,2021,0
STF,49.06717,-120.8978,1365,STF-t-3,STF295,2020,6
STF,49.06717,-120.8978,1365,STF-t-3,STF295,2021,0
STF,49.06717,-120.8978,1365,STF-t-3,STF296,2020,1
STF,49.06717,-120.8978,1365,STF-t-3,STF296,2021,0
STF,49.06717,-120.8978,1365,STF-t-3,STF299,2020,0
STF,49.06717,-120.8978,1365,STF-t-3,STF299,2021,0
STF,49.06717,-120.8978,1365,STF-t-3,STF300,2020,2
STF,49.06717,-120.8978,1365,STF-t-3,STF300,2021,0
STF,49.06717,-120.8978,1365,STF-t-4,STF315,2020,4
STF,49.06717,-120.8978,1365,STF-t-4,STF315,2021,0
STF,49.06717,-120.8978,1365,STF-t-4,STF316,2020,8
STF,49.06717,-120.8978,1365,STF-t-4,STF316,2021,0
STF,49.06717,-120.8978,1365,STF-t-4,STF317,2020,8
STF,49.06717,-120.8978,1365,STF-t-4,STF317,2021,0
STF,49.06717,-120.8978,1365,STF-t-4,STF319,2020,12
STF,49.06717,-120.8978,1365,STF-t-4,STF319,2021,0
STF,49.06717,-120.8978,1365,STF-t-4,STF341,2020,3
STF,49.06717,-120.8978,1365,STF-t-4,STF341,2021,0