"Station","StatnNm","Stn_UID","Shp_Are","Shp_Prm","Shp_Lng","Shap_Ar","total_n","n_NAs","n_over_20","n_less_20","n_over_40","n_less_40"
"05AA008","CROWSNEST RIVER AT FRANK","05AA008_1",402.652199201,105.19588024,105195.880358558,402652199.22071,2879,140,9,2730,3,2736
"05AA011","MILL CREEK NEAR THE MOUTH","05AA011_1",178.978773896,75.9381265481,75938.1265584517,178978773.769216,1274,0,0,1274,0,1274
"05AA022","CASTLE RIVER NEAR BEAVER MINES","05AA022_1",820.65099567,189.907153586,189907.153413337,820650995.653992,5857,141,24,5692,0,5716
"05AA024","OLDMAN RIVER NEAR BROCKET","05AA024_1",4401.12186485,416.246532577,416246.53261613,4401121864.98393,31584,556,36,30992,3,31025
"05AA027","RACEHORSE CREEK NEAR THE MOUTH","05AA027_1",217.647108804,70.1094382851,70109.438213174,217647108.986196,1567,127,0,1440,0,1440
"05AA028","CASTLE RIVER AT RANGER STATION","05AA028_1",375.291806163,106.29432363,106294.323729248,375291806.259467,2673,34,22,2617,0,2639
"05AA909","TODD CREEK NEAR HIGHWAY NO.22","05AA909_1",73.9835024081,38.5323410839,38532.341060544,73983502.3517223,531,0,0,531,0,531
"05AB005","TROUT CREEK NEAR GRANUM","05AB005_1",440.833476726,96.9694363753,96969.4366967868,440833476.70971,3186,0,0,3186,0,3186
"05AB013","BEAVER CREEK NEAR BROCKET","05AB013_1",255.847886324,82.4739402663,82473.9402215447,255847886.222293,1833,0,0,1833,0,1833
"05AB021","WILLOW CREEK NEAR CLARESHOLM","05AB021_1",1180.62418761,212.614837438,212614.837510854,1180624187.67299,8567,0,0,8567,0,8567
"05AB029","MEADOW CREEK NEAR THE MOUTH","05AB029_1",130.238091649,67.1153495551,67115.3494787478,130238091.714326,941,0,0,941,0,941
"05AB040","WILLOW CREEK AT SECONDARY NO. 532","05AB040_1",65.3188414153,37.2429591572,37242.959285277,65318841.5157899,478,0,0,478,0,478
"05AB041","WILLOW CREEK AT OXLY RANCH","05AB041_1",832.944776678,166.799090606,166799.091157034,832944776.704115,6044,0,0,6044,0,6044
"05AB046","WILLOW CREEK AT HIGHWAY NO. 811","05AB046_1",2509.85842077,285.189362606,285189.362929733,2509858420.70243,18155,8,0,18147,0,18147
"05AC003","LITTLE BOW RIVER AT CARMANGAY","05AC003_1",2778.13549689,308.967797547,308967.79670253,2778135496.95741,20212,11,0,20201,0,20201
"05AC012","LITTLE BOW RIVER BELOW TRAVERS DAM","05AC012_1",5339.10918703,477.876526427,477876.525707041,5339109187.01069,38799,277,0,38522,0,38522
"05AC023","LITTLE BOW RIVER NEAR THE MOUTH","05AC023_1",5900.74649062,530.987492787,530987.492216462,5900746490.73142,42858,277,0,42581,0,42581
"05AC030","SNAKE CREEK NEAR VULCAN","05AC030_1",349.988483977,99.9475991415,99947.5988346016,349988484.165312,2553,0,0,2553,0,2553
"05AC031","MOSQUITO CREEK NEAR THE MOUTH","05AC031_1",957.756381016,160.594143363,160594.143036471,957756380.928969,6965,0,0,6965,0,6965
"05AC034","LITTLE BOW RIVER ABOVE TRAVERS RESERVOIR","05AC034_1",3490.0696877,377.515341344,377515.340396998,3490069687.65799,25351,11,0,25340,0,25340
"05AC930","LITTLE BOW RIVER AT HIGHWAY NO. 533","05AC930_1",791.673383383,141.858170708,141858.170805615,791673383.432913,5784,11,0,5773,0,5773
"05AD003","WATERTON RIVER NEAR WATERTON PARK","05AD003_1",612.676625652,147.734255037,147734.255027549,612676625.882456,4342,183,158,4001,47,4112
"05AD005","BELLY RIVER NEAR MOUNTAIN VIEW","05AD005_1",319.22951382,92.4288155972,92428.8155240967,319229513.739223,2253,10,99,2144,20,2223
"05AD007","OLDMAN RIVER NEAR LETHBRIDGE","05AD007_1",17045.5823917,776.895990686,776895.991485677,17045582391.9936,121950,1218,591,120141,179,120553
"05AD010","DRYWOOD CREEK NEAR THE MOUTH","05AD010_1",238.623632152,76.0991691095,76099.1689203534,238623632.238629,1699,19,0,1680,0,1680
"05AD035","PRAIRIE BLOOD COULEE NEAR LETHBRIDGE","05AD035_1",223.475128897,77.7233802095,77723.3801851279,223475128.946738,1599,0,0,1599,0,1599
"05AD041","BELLY RIVER NEAR GLENWOOD","05AD041_1",652.986339792,184.275524455,184275.52403996,652986339.681665,4621,14,99,4508,20,4587
"05AE002","LEE CREEK AT CARDSTON","05AE002_1",312.322561015,126.158311975,126158.31228447,312322560.975783,2215,0,0,2215,0,2215
"05AE005","ROLPH CREEK NEAR KIMBALL","05AE005_1",222.395664029,88.0648348528,88064.8349849185,222395664.088096,1574,0,0,1574,0,1574
"05AE006","ST. MARY RIVER NEAR LETHBRIDGE","05AE006_1",3527.18273284,391.834370974,391834.371408421,3527182732.86058,25022,420,275,24327,109,24493
"05AE016","POTHOLE CREEK AT RUSSELL'S RANCH","05AE016_1",769.815264646,178.55475913,178554.759429457,769815264.683433,5491,2,0,5489,0,5489
"05AG003","EXPANSE COULEE NEAR THE MOUTH","05AG003_1",1881.90193048,293.817506371,293817.506532809,1881901930.4813,13657,70,0,13587,0,13587
"05AG006","OLDMAN RIVER NEAR THE MOUTH","05AG006_1",27531.3429075,1096.49196431,1096491.96469964,27531342908.0217,197904,1712,591,195601,179,196013
"05AG026","BOUNTIFUL COULEE INFLOW NEAR CRANFORD","05AG026_1",43.2373829051,36.0217627478,36021.7626745103,43237382.9342262,313,0,0,313,0,313
"05AH002","MACKAY CREEK AT WALSH","05AH002_1",436.881608553,113.797570626,113797.57078782,436881608.59943,3144,0,0,3144,0,3144
"05AH005","SEVEN PERSONS CREEK AT MEDICINE HAT","05AH005_1",3275.74149865,465.510671552,465510.671740148,3275741498.63037,23499,67,0,23432,0,23432
"05AH037","GROS VENTRE CREEK NEAR DUNMORE","05AH037_1",215.254742662,88.228908766,88228.9086965792,215254742.545663,1542,0,0,1542,0,1542
"05AH043","EAST MCALPINE CREEK NEAR ELKWATER LAKE","05AH043_1",19.791323294,26.1514071823,26151.4069461988,19791323.3375295,142,0,0,142,0,142
"05AH052","ROSS CREEK AT HIGHWAY NO. 41","05AH052_1",808.433630914,179.440546668,179440.546397489,808433630.931678,5816,0,0,5816,0,5816
"05AJ001","SOUTH SASKATCHEWAN RIVER AT MEDICINE HAT","05AJ001_1",56368.6303162,1964.67965607,1964679.65550729,56368630316.4446,409313,3002,4442,401869,1998,404313
"05BA001","BOW RIVER AT LAKE LOUISE","05BA001_1",422.433421776,124.571480264,124571.480084193,422433421.890997,3143,85,1150,1908,748,2310
"05BA002","PIPESTONE RIVER NEAR LAKE LOUISE","05BA002_1",306.123600124,99.8079924395,99807.9921600241,306123600.113837,2300,0,612,1688,276,2024
"05BB001","BOW RIVER AT BANFF","05BB001_1",2209.59373524,340.817572348,340817.57252334,2209593735.28742,16427,98,2869,13460,1505,14824
"05BC001","SPRAY RIVER AT BANFF","05BC001_1",750.562228188,172.001625861,172001.625151066,750562228.286122,5518,91,313,5114,104,5323
"05BE004","BOW RIVER NEAR SEEBE","05BE004_1",5162.74389723,572.487016255,572487.016426037,5162743897.22517,38205,435,3848,33922,1819,35951
"05BE999","GHOST TAILRACE","05BE999_1",6473.81775346,603.924529215,603924.529277665,6473817753.60164,47937,474,3848,43615,1819,45644
"05BF025","KANANASKIS RIVER BELOW BARRIER DAM","05BF025_1",896.813109232,185.126874919,185126.875267413,896813109.023782,6583,77,548,5958,192,6314
"05BG006","WAIPAROUS CREEK NEAR THE MOUTH","05BG006_1",332.51929832,110.312871599,110312.87143117,332519298.36284,2486,0,0,2486,0,2486
"05BG010","GHOST RIVER ABOVE WAIPAROUS CREEK","05BG010_1",484.4628246,169.130371787,169130.371533166,484462824.640909,3587,0,0,3587,0,3587
"05BH004","BOW RIVER AT CALGARY","05BH004_1",7868.19041435,735.848616524,735848.616504384,7868190414.49592,58255,474,3848,53933,1819,55962
"05BH005","BOW RIVER NEAR COCHRANE","05BH005_1",7587.73324931,673.21460059,673214.600483172,7587733249.45041,56178,474,3848,51856,1819,53885
"05BH008","BOW RIVER BELOW BEARSPAW DAM","05BH008_1",7779.10478895,704.062969243,704062.969198351,7779104789.08366,57600,474,3848,53278,1819,55307
"05BJ001","ELBOW RIVER BELOW GLENMORE DAM","05BJ001_1",1235.68766846,275.204954626,275204.955241061,1235687668.35159,9092,5,1,9086,0,9087
"05BJ004","ELBOW RIVER AT BRAGG CREEK","05BJ004_1",790.827676322,162.694801479,162694.801790983,790827676.169364,5809,0,1,5808,0,5809
"05BK001","FISH CREEK NEAR PRIDDIS","05BK001_1",260.506755858,86.6306352207,86630.6353223264,260506755.854193,1919,0,0,1919,0,1919
"05BL004","HIGHWOOD RIVER BELOW LITTLE BOW CANAL","05BL004_1",1953.417001,303.43832305,303438.323205492,1953417000.8316,14226,20,2,14204,0,14206
"05BL007","STIMSON CREEK NEAR PEKISKO","05BL007_1",236.000698833,82.5770919446,82577.0920466511,236000698.736729,1707,0,0,1707,0,1707
"05BL012","SHEEP RIVER AT OKOTOKS","05BL012_1",1493.86068747,243.864310389,243864.310581671,1493860687.4669,10952,0,0,10952,0,10952
"05BL013","THREEPOINT CREEK NEAR MILLARVILLE","05BL013_1",507.216534618,125.260850296,125260.850752636,507216534.690141,3726,0,0,3726,0,3726
"05BL014","SHEEP RIVER AT BLACK DIAMOND","05BL014_1",592.187301078,168.205340612,168205.341085002,592187301.118251,4329,0,0,4329,0,4329
"05BL019","HIGHWOOD RIVER AT DIEBEL'S RANCH","05BL019_1",773.612696368,175.366634026,175366.633756971,773612696.379516,5634,13,2,5619,0,5621
"05BL022","CATARACT CREEK NEAR FORESTRY ROAD","05BL022_1",165.462445791,62.7410463681,62741.0464425309,165462445.659094,1205,13,0,1192,0,1192
"05BL023","PEKISKO CREEK NEAR LONGVIEW","05BL023_1",231.924865475,100.914952779,100914.952630703,231924865.482114,1687,7,0,1680,0,1680
"05BL024","HIGHWOOD RIVER NEAR THE MOUTH","05BL024_1",3952.21774607,374.361122414,374361.122437729,3952217746.14713,28882,20,2,28860,0,28862
"05BL027","TRAP CREEK NEAR LONGVIEW","05BL027_1",137.361561496,65.2404628821,65240.4627514962,137361561.366189,1001,0,0,1001,0,1001
"05BM002","BOW RIVER BELOW CARSELAND DAM","05BM002_1",15664.5666821,919.110125883,919110.125635395,15664566682.1433,115485,499,3851,111135,1819,113167
"05BM004","BOW RIVER BELOW BASSANO DAM","05BM004_1",20252.9206607,1287.1229931,1287122.99193239,20252920660.6281,149191,638,3851,144702,1819,146734
"05BM007","PARFLESH CREEK NEAR CHANCELLOR","05BM007_1",128.461213789,54.4921310237,54492.1309114201,128461213.826612,952,0,0,952,0,952
"05BM008","CROWFOOT CREEK NEAR CLUNY","05BM008_1",1373.66989613,204.380131063,204380.130770342,1373669896.31288,10134,0,0,10134,0,10134
"05BM014","WEST ARROWWOOD CREEK NEAR ARROWWOOD","05BM014_1",776.451161904,139.962173345,139962.173382277,776451161.728066,5671,0,0,5671,0,5671
"05BM018","WEST ARROWWOOD CREEK NEAR ENSIGN","05BM018_1",29.5001542958,23.3970795896,23397.0794067882,29500154.2131899,213,0,0,213,0,213
"05BN002","TWELVE MILE CREEK NEAR CECIL","05BN002_1",2803.33497325,266.335505231,266335.505139618,2803334973.28542,20423,110,0,20313,0,20313
"05BN012","BOW RIVER NEAR THE MOUTH","05BN012_1",25278.0067518,1649.59881991,1649598.81863257,25278006751.9676,185779,1222,3851,180706,1819,182738
"05CA002","JAMES RIVER NEAR SUNDRE","05CA002_1",821.395736364,183.284071141,183284.071098274,821395736.419691,6174,32,0,6142,0,6142
"05CA004","RED DEER RIVER ABOVE PANTHER RIVER","05CA004_1",941.365872027,207.694123153,207694.123340563,941365872.067444,7043,3,414,6626,267,6773
"05CA009","RED DEER RIVER BELOW BURNT TIMBER CREEK","05CA009_1",2245.70275946,274.450584788,274450.585249724,2245702759.41032,16770,3,419,16348,267,16500
"05CA011","BEARBERRY CREEK NEAR SUNDRE","05CA011_1",237.517011454,81.9575203076,81957.5200526833,237517011.310694,1778,0,0,1778,0,1778
"05CA012","FALLENTIMBER CREEK NEAR SUNDRE","05CA012_1",488.76006074,175.375962405,175375.962593373,488760060.795648,3644,0,0,3644,0,3644
"05CB001","LITTLE RED DEER RIVER NEAR THE MOUTH","05CB001_1",2578.33890503,353.005519881,353005.51981803,2578338904.75791,19278,0,0,19278,0,19278
"05CB002","LITTLE RED DEER RIVER NEAR WATER VALLEY","05CB002_1",451.320101041,111.444600615,111444.600846056,451320101.049406,3360,0,0,3360,0,3360
"05CB004","RAVEN RIVER NEAR RAVEN","05CB004_1",644.617126982,158.710554466,158710.554743837,644617127.11779,4864,0,0,4864,0,4864
"05CC001","BLINDMAN RIVER NEAR BLACKFALDS","05CC001_1",1795.92563346,231.839722562,231839.722538329,1795925633.06686,13735,525,0,13210,0,13210
"05CC002","RED DEER RIVER AT RED DEER","05CC002_1",11608.8442066,757.239618338,757239.61909816,11608844206.6566,87313,365,419,86529,267,86681
"05CC007","MEDICINE RIVER NEAR ECKVILLE","05CC007_1",1915.90972538,248.004994122,248004.993983738,1915909725.38929,14610,9,0,14601,0,14601
"05CC008","BLINDMAN RIVER NEAR BLUFFTON","05CC008_1",353.058858013,85.7717843365,85771.7844942736,353058858.069557,2716,0,0,2716,0,2716
"05CC009","LLOYD CREEK NEAR BLUFFTON","05CC009_1",238.844173963,97.4833329824,97483.3332326756,238844173.771836,1839,0,0,1839,0,1839
"05CC010","BLOCK CREEK NEAR LEEDALE","05CC010_1",52.7616821459,35.0909627129,35090.9628782309,52761682.1972231,402,0,0,402,0,402
"05CC011","WASKASOO CREEK AT RED DEER","05CC011_1",486.641883162,115.710355963,115710.356170248,486641883.00991,3676,0,0,3676,0,3676
"05CD006","HAYNES CREEK NEAR HAYNES","05CD006_1",164.991593228,57.4756252266,57475.6253973899,164991593.269329,1255,0,0,1255,0,1255
"05CD007","PARLBY CREEK AT ALIX","05CD007_1",511.153769675,123.367113049,123367.113484475,511153769.610248,3898,0,0,3898,0,3898
"05CD902","PARLBY CREEK NEAR MIRROR","05CD902_1",865.270200458,164.975797404,164975.797793947,865270200.408143,6586,0,0,6586,0,6586
"05CE001","RED DEER RIVER AT DRUMHELLER","05CE001_1",24865.3202365,1222.93593966,1222935.94034145,24865320236.3206,187402,1528,435,185439,267,185607
"05CE005","ROSEBUD RIVER AT REDLAND","05CE005_1",3565.04523449,406.416499037,406416.499325636,3565045234.60963,26468,21,0,26447,0,26447
"05CE006","ROSEBUD RIVER BELOW CARSTAIRS CREEK","05CE006_1",752.5313212,165.286577314,165286.577449259,752531321.158959,5622,0,0,5622,0,5622
"05CE007","THREEHILLS CREEK NEAR CARBON","05CE007_1",1078.10051969,202.789944819,202789.944161904,1078100519.61878,8101,0,0,8101,0,8101
"05CE010","RAY CREEK NEAR INNISFAIL","05CE010_1",44.3647574302,29.6644891315,29664.4893647419,44364757.4161684,336,0,0,336,0,336
"05CE011","RENWICK CREEK NEAR THREE HILLS","05CE011_1",58.8802660127,34.7309567183,34730.956635633,58880265.9730902,441,0,0,441,0,441
"05CE012","GHOSTPINE CREEK NEAR HUXLEY","05CE012_1",512.649831328,115.490422277,115490.422598531,512649831.192195,3867,22,0,3845,0,3845
"05CE018","THREEHILLS CREEK BELOW RAY CREEK","05CE018_1",199.447130222,65.6163250161,65616.3251113637,199447130.214518,1513,0,0,1513,0,1513
"05CE020","MICHICHI CREEK AT DRUMHELLER","05CE020_1",1168.81911858,185.642974232,185642.974047293,1168819118.5039,8748,0,0,8748,0,8748
"05CG004","BULLPOUND CREEK NEAR WATTS","05CG004_1",200.049596615,67.3017521155,67301.7524015002,200049596.747701,1492,0,0,1492,0,1492
"05CG006","FISH CREEK ABOVE LITTLE FISH LAKE","05CG006_1",117.735826347,58.8342806838,58834.2801648266,117735826.313508,879,0,0,879,0,879
"05CH007","BERRY CREEK NEAR THE MOUTH","05CH007_1",3724.56071727,363.917508141,363917.507974999,3724560717.87966,27673,0,0,27673,0,27673
"05CH008","BERRY CREEK NEAR ROSE LYNN","05CH008_1",1544.89349084,231.601022738,231601.022690867,1544893491.47251,11554,0,0,11554,0,11554
"05CH011","BERRY CREEK RESERVOIR OUTLET","05CH011_1",1931.38529047,252.59364591,252593.645579893,1931385291.07974,14424,0,0,14424,0,14424
"05CJ006","ONETREE CREEK NEAR PATRICIA","05CJ006_1",498.377080783,125.220312449,125220.312052211,498377080.783097,3635,2,0,3633,0,3633
"05CJ012","MATZHIWIN CREEK BELOW WARE COULEE","05CJ012_1",2628.68179916,305.770930732,305770.930438157,2628681799.08229,19336,182,3,19151,0,19154
"05CK004","RED DEER RIVER NEAR BINDLOSS","05CK004_1",47849.4577531,1881.14794089,1881147.94129812,47849457752.7578,357920,2620,438,354862,267,355033
"05CK005","ALKALI CREEK NEAR THE MOUTH","05CK005_1",589.847474778,165.836209355,165836.209111179,589847474.629671,4364,0,0,4364,0,4364
"05CK006","KENNEDY COULEE NEAR ACADIA VALLEY","05CK006_1",939.415833525,178.183086245,178183.086628285,939415833.52694,6963,11,0,6952,0,6952
"05DA007","MISTAYA RIVER NEAR SASKATCHEWAN CROSSING","05DA007_1",248.044043976,87.0375750952,87037.5747735904,248044044.015289,1861,31,746,1084,493,1337
"05DA009","NORTH SASKATCHEWAN RIVER AT WHIRLPOOL POINT","05DA009_1",1923.21340047,288.653422969,288653.423127709,1923213400.60518,14491,86,5904,8501,4353,10052
"05DA010","SILVERHORN CREEK NEAR THE MOUTH","05DA010_1",21.0292187583,23.8077493654,23807.7494547898,21029218.834518,159,0,67,92,36,123
"05DB002","PRAIRIE CREEK NEAR ROCKY MOUNTAIN HOUSE","05DB002_1",844.061298609,182.004702545,182004.702294009,844061298.465262,6387,1,0,6386,0,6386
"05DB005","PRAIRIE CREEK BELOW LICK CREEK","05DB005_1",208.030557922,72.6384426389,72638.4422995879,208030557.969765,1574,0,0,1574,0,1574
"05DB006","CLEARWATER RIVER NEAR DOVERCOURT","05DB006_1",2252.75812331,376.296698675,376296.700173877,2252758123.2266,16956,0,325,16631,156,16800
"05DC001","NORTH SASKATCHEWAN RIVER NEAR ROCKY MOUNTAIN HOUSE","05DC001_1",11006.7505559,644.512850444,644512.850784546,11006750556.0307,83183,361,8251,74571,5424,77398
"05DC006","RAM RIVER NEAR THE MOUTH","05DC006_1",1853.59146463,290.362406383,290362.406648822,1853591464.52727,14022,0,23,13999,14,14008
"05DC010","NORTH SASKATCHEWAN RIVER BELOW BIGHORN PLANT","05DC010_1",3898.88859926,420.734470489,420734.470709913,3898888599.40681,29417,309,7899,21209,5254,23854
"05DC011","NORTH RAM RIVER AT FORESTRY ROAD","05DC011_1",347.319100176,117.831258205,117831.258359667,347319100.214643,2637,0,0,2637,0,2637
"05DC012","BAPTISTE RIVER NEAR THE MOUTH","05DC012_1",1346.45276755,223.369523825,223369.523368717,1346452767.58015,10286,0,0,10286,0,10286
"05DD004","BROWN CREEK AT FORESTRY ROAD","05DD004_1",218.68872941,91.3528958134,91352.8959024614,218688729.410834,1680,0,0,1680,0,1680
"05DD005","BRAZEAU RIVER BELOW BRAZEAU PLANT","05DD005_1",5666.07426505,574.012388278,574012.387294973,5666074265.03209,43364,234,1415,41715,604,42526
"05DD007","BRAZEAU RIVER BELOW CARDINAL RIVER","05DD007_1",2601.49153353,372.846216325,372846.216149932,2601491533.42317,19870,17,1413,18440,604,19249
"05DD009","NORDEGG RIVER AT SUNCHILD ROAD","05DD009_1",875.69707728,193.027614197,193027.614059403,875697077.251673,6709,0,0,6709,0,6709
"05DE007","ROSE CREEK NEAR ALDER FLATS","05DE007_1",558.979674682,122.490249366,122490.249166678,558979674.592945,4284,0,0,4284,0,4284
"05DE009","TOMAHAWK CREEK NEAR TOMAHAWK","05DE009_1",94.2341504895,51.5271692455,51527.1692617974,94234150.5885606,731,0,0,731,0,731
"05DE911","MODESTE CREEK NEAR LINDALE","05DE911_1",656.640850717,144.725494424,144725.494486653,656640850.828888,5069,0,0,5069,0,5069
"05DF001","NORTH SASKATCHEWAN RIVER AT EDMONTON","05DF001_1",28096.0231365,1291.6397626,1291639.7628423,28096023136.5217,214702,1329,9685,203688,6028,207345
"05DF003","BLACKMUD CREEK NEAR ELLERSLIE","05DF003_1",643.014419432,124.46479641,124464.796706425,643014419.30057,5001,0,0,5001,0,5001
"05DF004","STRAWBERRY CREEK NEAR THE MOUTH","05DF004_1",591.974569784,117.585057002,117585.05723621,591974569.926741,4587,0,0,4587,0,4587
"05DF006","WHITEMUD CREEK NEAR ELLERSLIE","05DF006_1",330.366637718,105.009076295,105009.076822811,330366637.538879,2568,0,0,2568,0,2568
"05DF007","WEST WHITEMUD CREEK NEAR IRETON","05DF007_1",65.146990194,42.2965917172,42296.5920020917,65146990.264542,503,0,0,503,0,503
"05EA001","STURGEON RIVER NEAR FORT SASKATCHEWAN","05EA001_1",3247.09649961,434.018352628,434018.352432562,3247096499.55679,25457,679,0,24778,0,24778
"05EA002","STURGEON RIVER AT ST. ALBERT","05EA002_1",2590.88335366,360.639148567,360639.148164314,2590883353.49968,20302,666,0,19636,0,19636
"05EA005","STURGEON RIVER NEAR VILLENEUVE","05EA005_1",1889.49091781,318.236156123,318236.156507765,1889490917.7564,14816,584,0,14232,0,14232
"05EA010","STURGEON RIVER NEAR MAGNOLIA BRIDGE","05EA010_1",121.243196585,50.3451448569,50345.1452043357,121243196.659347,950,0,0,950,0,950
"05EB902","POINTE-AUX-PINS CREEK NEAR ARDROSSAN","05EB902_1",105.348719036,55.4367940445,55436.7939562527,105348719.059015,829,0,0,829,0,829
"05EC002","WASKATENAU CREEK NEAR WASKATENAU","05EC002_1",313.244012428,91.5216863354,91521.6864177667,313244012.635036,2489,0,0,2489,0,2489
"05EC005","REDWATER RIVER NEAR THE MOUTH","05EC005_1",1596.28053472,238.753175689,238753.175739161,1596280534.68143,12609,0,0,12609,0,12609
"05ED002","ATIMOSWE CREEK NEAR ELK POINT","05ED002_1",368.127626574,146.3444043,146344.404655076,368127626.511013,2901,44,0,2857,0,2857
"05EE005","STRETTON CREEK NEAR MARWAYNE","05EE005_1",73.9994824007,41.540631376,41540.6314015022,73999482.426135,573,0,0,573,0,573
"05EE006","VERMILION RIVER TRIBUTARY NEAR BRUCE","05EE006_1",46.4133014432,41.2978588925,41297.8589156562,46413301.5685028,360,0,0,360,0,360
"05EE007","VERMILION RIVER NEAR MARWAYNE","05EE007_1",7257.40989966,674.371127777,674371.127620809,7257409899.65839,56508,171,0,56337,0,56337
"05EE009","VERMILION RIVER AT VEGREVILLE","05EE009_1",1615.02169487,239.421049642,239421.049586058,1615021694.80253,12523,0,0,12523,0,12523
"05FA001","BATTLE RIVER NEAR PONOKA","05FA001_1",1821.45204555,273.367381638,273367.381515093,1821452045.82527,13971,648,11,13312,0,13323
"05FA012","PIPESTONE CREEK NEAR WETASKIWIN","05FA012_1",1030.07423716,188.871291323,188871.291028214,1030074236.95911,7942,22,0,7920,0,7920
"05FA014","MASKWA CREEK NO. 1 ABOVE BEARHILLS LAKE","05FA014_1",79.1497636953,41.6856128154,41685.6129035863,79149763.6602887,606,0,0,606,0,606
"05FA024","WEILLER CREEK NEAR WETASKIWIN","05FA024_1",235.498482063,67.5539135372,67553.913552057,235498482.025158,1814,0,0,1814,0,1814
"05FB002","IRON CREEK NEAR HARDISTY","05FB002_1",3500.2749181,311.124381975,311124.382489876,3500274918.38232,26838,7,0,26831,0,26831
"05FC001","BATTLE RIVER NEAR FORESTBURG","05FC001_1",7667.98193283,632.039251582,632039.251923656,7667981932.75231,58956,991,11,57954,0,57965
"05FC002","BIGKNIFE CREEK NEAR GADSBY","05FC002_1",281.297316355,104.204822254,104204.822373366,281297316.244689,2135,0,0,2135,0,2135
"05FC004","PAINTEARTH CREEK NEAR HALKIRK","05FC004_1",191.134796173,69.0149567853,69014.9568340994,191134796.355726,1454,0,0,1454,0,1454
"05FC007","YOUNG CREEK NEAR CASTOR","05FC007_1",76.4933494548,40.7961926602,40796.1926307342,76493349.5393108,578,0,0,578,0,578
"05FD001","RIBSTONE CREEK NEAR EDGERTON","05FD001_1",2792.63568013,429.964563254,429964.563811504,2792635680.20637,21259,34,0,21225,0,21225
"05FE002","BUFFALO CREEK AT HIGHWAY NO. 41","05FE002_1",714.402907891,143.109607602,143109.607295351,714402907.757194,5509,0,0,5509,0,5509
"05FE004","BATTLE RIVER NEAR THE SASKATCHEWAN BOUNDARY","05FE004_1",25064.0054195,1321.43032741,1321430.3270775,25064005420.0075,192091,1137,11,190943,0,190954
"05GA003","MONITOR CREEK NEAR MONITOR","05GA003_1",1434.59952237,193.57665418,193576.654677601,1434599522.28783,10788,0,0,10788,0,10788
"05GA008","SOUNDING CREEK NEAR OYEN","05GA008_1",2989.53154861,396.663126492,396663.127052262,2989531548.4954,22394,4,0,22390,0,22390
"05GA010","KILLARNEY LAKE TRIBUTARY NEAR CHAUVIN","05GA010_1",1008.33447677,170.5525459,170552.545723191,1008334476.59976,7675,2,0,7673,0,7673
"05GA012","SOUNDING CREEK NEAR CHINOOK","05GA012_1",2297.55932342,314.787304411,314787.305301495,2297559323.28419,17234,4,0,17230,0,17230
"06AA001","BEAVER RIVER NEAR GOODRIDGE","06AA001_1",4699.71877477,454.32716548,454327.1653819,4699718775.01376,37500,1583,0,35917,0,35917
"06AA002","AMISK RIVER AT HIGHWAY NO. 36","06AA002_1",2495.93699702,383.779857827,383779.857931491,2495936997.20286,19888,669,0,19219,0,19219
"06AB001","SAND RIVER NEAR THE MOUTH","06AB001_1",4910.87993785,454.06048412,454060.483716829,4910879937.80093,39667,5353,0,34314,0,34314
"06AB002","WOLF RIVER AT OUTLET OF WOLF LAKE","06AB002_1",725.737947975,168.432885131,168432.885056231,725737947.922208,5832,1154,0,4678,0,4678
"06AC001","JACKFISH CREEK NEAR LA COREY","06AC001_1",491.819229078,145.998992404,145998.992651149,491819229.089525,3933,359,0,3574,0,3574
"06AD006","BEAVER RIVER AT COLD LAKE RESERVE","06AD006_1",14504.6126044,913.843722028,913843.722036717,14504612604.669,116151,9171,0,106980,0,106980
"07AA001","MIETTE RIVER NEAR JASPER","07AA001_1",628.521640417,161.241969016,161241.969084737,628521640.357683,4845,0,1017,3828,504,4341
"07AA002","ATHABASCA RIVER NEAR JASPER","07AA002_1",3872.6994426,484.139248655,484139.248821894,3872699442.5181,29562,114,9329,20119,6333,23115
"07AA007","SUNWAPTA RIVER AT ATHABASCA GLACIER","07AA007_1",29.3070125024,25.3717899721,25371.7900227431,29307012.5273998,221,0,193,28,172,49
"07AC001","WILDHAY RIVER NEAR HINTON","07AC001_1",959.816457125,201.874421973,201874.42257239,959816457.246731,7486,6,44,7436,17,7463
"07AC007","BERLAND RIVER NEAR THE MOUTH","07AC007_1",5655.01164339,484.384733437,484384.733843841,5655011643.50135,44336,6,49,44281,17,44313
"07AC008","LITTLE BERLAND RIVER AT HIGHWAY NO. 40","07AC008_1",93.0432440898,54.0347033969,54034.7032867647,93043244.0047577,725,0,0,725,0,725
"07AD002","ATHABASCA RIVER AT HINTON","07AD002_1",9764.77367977,741.084658984,741084.658366593,9764773680.06514,75047,367,14479,60201,9097,65583
"07AE001","ATHABASCA RIVER NEAR WINDFALL","07AE001_1",19612.4854849,1209.41949639,1209419.49532292,19612485485.0903,152426,383,14528,137515,9114,142929
"07AF002","MCLEOD RIVER ABOVE EMBARRAS RIVER","07AF002_1",2561.55164456,362.747363348,362747.363492228,2561551644.45657,19856,15,0,19841,0,19841
"07AF003","WAMPUS CREEK NEAR HINTON","07AF003_1",25.9110295974,26.5252481535,26525.2481539695,25911029.6102443,196,0,0,196,0,196
"07AF010","SUNDANCE CREEK NEAR BICKERDIKE","07AF010_1",177.961646996,93.9877759986,93987.7764214556,177961647.053269,1396,0,0,1396,0,1396
"07AF013","MCLEOD RIVER NEAR CADOMIN","07AF013_1",329.613035926,97.3442143855,97344.2145608013,329613035.889322,2542,0,0,2542,0,2542
"07AF014","EMBARRAS RIVER NEAR WEALD","07AF014_1",639.655090149,154.717890702,154717.891165658,639655090.26882,4972,0,0,4972,0,4972
"07AF015","GREGG RIVER NEAR THE MOUTH","07AF015_1",384.019151159,106.62174144,106621.741404864,384019151.164181,2982,0,0,2982,0,2982
"07AG003","WOLF CREEK AT HIGHWAY NO. 16A","07AG003_1",826.049987624,168.788293689,168788.293377636,826049987.756564,6417,4,0,6413,0,6413
"07AG004","MCLEOD RIVER NEAR WHITECOURT","07AG004_1",9108.99840301,587.463971407,587463.97151746,9108998403.09499,70958,40,0,70918,0,70918
"07AG007","MCLEOD RIVER NEAR ROSEVEAR","07AG007_1",7143.25220408,516.986786047,516986.786328115,7143252204.4542,55529,19,0,55510,0,55510
"07AG008","GROAT CREEK NEAR WHITECOURT","07AG008_1",132.475339542,59.6906578334,59690.6578274722,132475339.539151,1049,0,0,1049,0,1049
"07AH001","FREEMAN RIVER NEAR FORT ASSINIBOINE","07AH001_1",1661.65449555,240.421995234,240421.994983514,1661654495.71803,13318,8,0,13310,0,13310
"07AH002","CHRISTMAS CREEK NEAR BLUE RIDGE","07AH002_1",423.107430521,113.302095913,113302.095838551,423107430.403906,3368,0,0,3368,0,3368
"07AH003","SAKWATAMAU RIVER NEAR WHITECOURT","07AH003_1",1145.06133415,174.641905718,174641.905450426,1145061334.14546,9127,7,0,9120,0,9120
"07BA001","PEMBINA RIVER BELOW PADDY CREEK","07BA001_1",2896.54931335,425.562217418,425562.216613954,2896549313.15048,22401,0,0,22401,0,22401
"07BA002","RAT CREEK NEAR CYNTHIA","07BA002_1",606.120908515,136.339360994,136339.360932756,606120908.626557,4705,0,0,4705,0,4705
"07BA003","LOVETT RIVER NEAR THE MOUTH","07BA003_1",102.720474171,64.2184446998,64218.4448459615,102720474.140769,794,0,0,794,0,794
"07BB002","PEMBINA RIVER NEAR ENTWISTLE","07BB002_1",4401.58697183,513.682769887,513682.769329387,4401586971.5412,34088,0,0,34088,0,34088
"07BB004","PADDLE RIVER NEAR ROCHFORT BRIDGE","07BB004_1",616.528274504,131.220028991,131220.028853676,616528274.364314,4856,0,0,4856,0,4856
"07BB005","LITTLE PADDLE RIVER NEAR MAYERTHORPE","07BB005_1",295.080411913,79.9273633743,79927.3630648829,295080411.975085,2334,0,0,2334,0,2334
"07BB006","PADDLE RIVER AT BARRHEAD","07BB006_1",2367.58324599,282.104154545,282104.154145369,2367583246.14083,18691,20,0,18671,0,18671
"07BB011","PADDLE RIVER NEAR ANSELMO","07BB011_1",253.423797704,79.8455990875,79845.5991106114,253423797.684136,1987,0,0,1987,0,1987
"07BB014","COYOTE CREEK NEAR CHERHILL","07BB014_1",48.8667365148,47.8871130371,47887.1128559698,48866736.4842807,385,0,0,385,0,385
"07BC002","PEMBINA RIVER AT JARVIE","07BC002_1",13103.7279571,951.803537117,951803.536447491,13103727956.869,102800,463,223,102114,0,102337
"07BC006","DAPP CREEK AT HIGHWAY NO. 44","07BC006_1",604.962871389,130.617291037,130617.291251943,604962871.136823,4831,12,0,4819,0,4819
"07BC007","WABASH CREEK NEAR PIBROCH","07BC007_1",343.968264499,93.9590952816,93959.0953685007,343968264.438309,2723,0,0,2723,0,2723
"07BE001","ATHABASCA RIVER AT ATHABASCA","07BE001_1",74602.2866938,2208.45294035,2208452.93906166,74602286693.9454,591316,10854,15465,564997,9114,571348
"07BE004","STONY CREEK NEAR TAWATINAW","07BE004_1",128.234562848,56.4112805083,56411.2804967628,128234562.919394,1017,0,0,1017,0,1017
"07BF001","EAST PRAIRIE RIVER NEAR ENILDA","07BF001_1",1466.59581542,227.716324471,227716.324786227,1466595815.13874,11863,0,0,11863,0,11863
"07BF002","WEST PRAIRIE RIVER NEAR HIGH PRAIRIE","07BF002_1",1151.8468224,193.155227557,193155.228138916,1151846822.33865,9319,0,0,9319,0,9319
"07BF009","SALT CREEK NEAR GROUARD","07BF009_1",426.66320857,113.503464467,113503.46433519,426663208.848138,3510,0,0,3510,0,3510
"07BF010","SOUTH HEART RIVER NEAR PEAVINE","07BF010_1",1713.18057869,222.068412045,222068.41219114,1713180578.5418,14196,132,2,14062,0,14064
"07BG004","LILY CREEK NEAR SLAVE LAKE","07BG004_1",23.7185140935,25.2782420708,25278.2420612584,23718514.0278938,198,1,0,197,0,197
"07BH003","DRIFTPILE RIVER NEAR DRIFTPILE","07BH003_1",838.086694577,168.234536837,168234.536390981,838086694.658396,6796,0,0,6796,0,6796
"07BJ001","SWAN RIVER NEAR KINUSO","07BJ001_1",1900.38217084,230.093483055,230093.482708867,1900382170.8634,15352,0,0,15352,0,15352
"07BJ003","SWAN RIVER NEAR SWAN HILLS","07BJ003_1",155.0704919,70.6898395577,70689.8396635828,155070491.90049,1243,0,0,1243,0,1243
"07BK001","LESSER SLAVE RIVER AT SLAVE LAKE","07BK001_1",13567.0401547,723.149638733,723149.63972949,13567040154.7729,110702,9052,714,100936,0,101650
"07BK005","SAULTEAUX RIVER NEAR SPURFIELD","07BK005_1",2595.63328297,286.291637634,286291.636774181,2595633282.77803,20912,5,0,20907,0,20907
"07BK007","DRIFTWOOD RIVER NEAR THE MOUTH","07BK007_1",2100.4299369,236.584307182,236584.306983203,2100429936.88212,17168,461,0,16707,0,16707
"07BK009","SAWRIDGE CREEK NEAR SLAVE LAKE","07BK009_1",230.348535441,81.8665229617,81866.5229079247,230348535.488789,1867,0,0,1867,0,1867
"07CA003","FLAT CREEK NEAR BOYLE","07CA003_1",183.569202635,69.0252568666,69025.2568654345,183569202.619826,1459,0,0,1459,0,1459
"07CA005","PINE CREEK NEAR GRASSLAND","07CA005_1",1456.44964652,256.991259618,256991.259774165,1456449646.49325,11666,233,0,11433,0,11433
"07CA006","WANDERING RIVER NEAR WANDERING RIVER","07CA006_1",1120.44736388,180.589942816,180589.943166179,1120447363.61473,9136,337,0,8799,0,8799
"07CA008","BABETTE CREEK NEAR COLINTON","07CA008_1",219.342572092,75.0542875875,75054.2877631465,219342572.126707,1768,25,0,1743,0,1743
"07CA012","LOGAN RIVER NEAR THE MOUTH","07CA012_1",428.465787071,149.556029239,149556.029299566,428465787.064763,3501,68,0,3433,0,3433
"07CA013","OWL RIVER BELOW PICHE RIVER","07CA013_1",3078.27349165,367.951056348,367951.055988979,3078273491.92461,24996,1302,0,23694,0,23694
"07CB002","HOUSE RIVER AT HIGHWAY NO. 63","07CB002_1",780.587942149,204.28890795,204288.908217323,780587942.079383,6417,155,0,6262,0,6262
"07CD001","CLEARWATER RIVER AT DRAPER","07CD001_1",30791.5898769,1548.34381418,1548343.81471,30791589876.3462,259523,15254,232,244037,14,244255
"07CD004","HANGINGSTONE RIVER AT FORT MCMURRAY","07CD004_1",961.953852712,179.415166094,179415.166148779,961953852.949253,8050,54,0,7996,0,7996
"07CD005","CLEARWATER RIVER ABOVE CHRISTINA RIVER","07CD005_1",17016.5691491,950.090039565,950090.040017119,17016569148.7732,145449,7909,124,137416,8,137532
"07CE003","PONY CREEK NEAR CHARD","07CE003_1",279.248333518,97.9943897068,97994.3898697305,279248333.631427,2314,308,0,2006,0,2006
"07DA001","ATHABASCA RIVER BELOW MCMURRAY","07DA001_1",132584.988003,3933.24349662,3933243.49633683,132584988002.669,1074139,33693,15699,1024747,9128,1031318
"07DA006","STEEPBANK RIVER NEAR FORT MCMURRAY","07DA006_1",1320.27810202,211.946289586,211946.289415224,1320278101.98107,11231,56,0,11175,0,11175
"07DA008","MUSKEG RIVER NEAR FORT MACKAY","07DA008_1",1456.99526869,190.714979577,190714.979491307,1456995268.70808,12477,81,0,12396,0,12396
"07DA018","BEAVER RIVER ABOVE SYNCRUDE","07DA018_1",164.843611476,62.2411586669,62241.1586465628,164843611.608454,1395,41,0,1354,0,1354
"07DB001","MACKAY RIVER NEAR FORT MACKAY","07DB001_1",5569.34089874,430.336293051,430336.293741356,5569340898.85267,47361,382,0,46979,0,46979
"07DD001","ATHABASCA RIVER AT EMBARRAS AIRPORT","07DD001_1",155184.53593,4192.04650643,4192046.50474616,155184535929.984,1268064,36307,15699,1216058,9128,1222629
"07DD002","RICHARDSON RIVER NEAR THE MOUTH","07DD002_1",2730.92357759,556.188270545,556188.270592141,2730923577.90619,23757,639,0,23118,0,23118
"07EA004","INGENIKA RIVER ABOVE SWANNELL RIVER","07EA004_1",4144.97998047,411.562988281,411563.201312798,4144982626.58953,35175,72,2941,32162,1001,34102
"07EA005","FINLAY RIVER ABOVE AKIE RIVER","07EA005_1",15630.0996094,1042.93005371,1042934.83942071,15630079955.7724,134560,4948,15529,114083,8371,121241
"07EA007","AKIE RIVER NEAR THE 760 M CONTOUR","07EA007_1",1688.57995605,266.821014404,266820.573536918,1688578214.83097,14500,456,2204,11840,1073,12971
"07EB002","OSPIKA RIVER ABOVE ALEY CREEK","07EB002_1",2192.91992188,305.628997803,305628.509103853,2192921574.5678,18608,145,2090,16373,599,17864
"07EC004","OSILINKA RIVER NEAR END LAKE","07EC004_1",1947.70996094,263.841003418,263840.538595683,1947713072.57461,16190,46,2121,14023,1216,14928
"07ED003","NATION RIVER NEAR THE MOUTH","07ED003_1",6789.60009766,555.09197998,555092.240715914,6789598835.4163,55285,935,232,54118,15,54335
"07EE007","PARSNIP RIVER ABOVE MISINCHINKA RIVER","07EE007_1",4929.89990234,439.631011963,439631.091740742,4929899474.43682,39651,60,4484,35107,2043,37548
"07EE009","CHUCHINKA CREEK NEAR THE MOUTH","07EE009_1",310.287994385,87.6536026001,87653.5612717291,310288149.5311,2472,0,0,2472,0,2472
"07EE010","PACK RIVER AT OUTLET OF MCLEOD LAKE","07EE010_1",3711.7800293,486.674987793,486674.530829227,3711776207.26169,29783,774,2,29007,0,29009
"07EF004","CARBON CREEK NEAR THE MOUTH","07EF004_1",741.242004395,148.07800293,148078.257503903,741241918.924935,6109,0,239,5870,42,6067
"07FA003","HALFWAY RIVER ABOVE GRAHAM RIVER","07FA003_1",3762.96292493,379.33785591,379337.855801921,3762962924.85423,31888,85,269,31534,102,31701
"07FA004","PEACE RIVER ABOVE PINE RIVER","07FA004_1",87155.1015625,2555.31005859,2555308.66695271,87155077534.377,728231,19834,44553,663844,19975,688422
"07FA005","GRAHAM RIVER ABOVE COLT CREEK","07FA005_1",2137,375.071014404,375071.444596269,2137003477.53831,17947,0,586,17361,157,17790
"07FA006","HALFWAY RIVER NEAR FARRELL CREEK","07FA006_1",9341.75,579.583007813,579582.491617215,9341755236.97638,78829,86,853,77890,258,78485
"07FB001","PINE RIVER AT EAST PINE","07FB001_1",12126.4003906,777.611022949,777611.419121766,12126430866.1661,98649,110,4424,94115,1814,96725
"07FB002","MURRAY RIVER NEAR THE MOUTH","07FB002_1",5550.52001953,490.217010498,490216.734988079,5550522702.58308,44898,110,2450,42338,1308,43480
"07FB003","SUKUNKA RIVER NEAR THE MOUTH","07FB003_1",2594.11010742,328.714996338,328714.775481966,2594110449.83173,21090,0,1456,19634,452,20638
"07FB004","DICKEBUSCH CREEK NEAR THE MOUTH","07FB004_1",82.4195022583,48.2555007935,48255.5436784049,82419501.2551811,676,0,0,676,0,676
"07FB006","MURRAY RIVER ABOVE WOLVERINE RIVER","07FB006_1",2366.18994141,331.790008545,331790.456367675,2366187129.81688,19019,59,2311,16649,1285,17675
"07FB008","MOBERLY RIVER NEAR FORT ST. JOHN","07FB008_1",1523.10998535,334.569000244,334569.466455972,1523114413.59869,12564,211,67,12286,4,12349
"07FB009","FLATBED CREEK AT KILOMETRE 110 HERITAGE HIGHWAY","07FB009_1",485.70098877,129.216995239,129217.400782543,485700539.351836,3920,0,7,3913,0,3920
"07FC001","BEATTON RIVER NEAR FORT ST. JOHN","07FC001_1",15560.5996094,778.888977051,778888.889626481,15560595284.929,132291,89,0,132202,0,132202
"07FC003","BLUEBERRY RIVER BELOW AITKEN CREEK","07FC003_1",1772.02001953,227.768005371,227767.674916686,1772016117.89834,15018,0,0,15018,0,15018
"07FD001","KISKATINAW RIVER NEAR FARMINGTON","07FD001_1",3634.7800293,395.976013184,395976.051328985,3634779966.68566,29704,9,2,29693,0,29695
"07FD002","PEACE RIVER NEAR TAYLOR","07FD002_1",100759,2445.11010742,2445112.13481165,100759129157.787,839131,19951,48977,770203,21789,797391
"07FD006","SADDLE RIVER NEAR WOKING","07FD006_1",539.757960387,129.091095688,129091.095436135,539757960.461502,4428,0,0,4428,0,4428
"07FD007","POUCE COUPE RIVER BELOW HENDERSON CREEK","07FD007_1",2861.60009766,294.800994873,294801.166593385,2861602462.89486,23523,90,0,23433,0,23433
"07FD009","CLEAR RIVER NEAR BEAR CANYON","07FD009_1",2878.60528304,266.910072641,266910.072726073,2878605283.09331,24176,8,0,24168,0,24168
"07FD010","PEACE RIVER ABOVE ALCES RIVER","07FD010_1",121416,2765.52001953,2765515.64222324,121416102840.884,1013288,20076,48994,944218,21789,971423
"07FD011","HINES CREEK ABOVE GERRY LAKE","07FD011_1",368.63204377,86.5783239548,86578.3241699367,368632043.574832,3088,0,0,3088,0,3088
"07FD012","MONTAGNEUSE RIVER NEAR HINES CREEK","07FD012_1",228.287997811,69.0634115904,69063.4118296052,228287997.804147,1916,0,0,1916,0,1916
"07FD013","EUREKA RIVER NEAR WORSLEY","07FD013_1",755.183504926,127.086813657,127086.813573974,755183505.174218,6338,0,0,6338,0,6338
"07FD908","GRIMSHAW DRAINAGE NEAR GRIMSHAW","07FD908_1",15.5573562028,21.7289982203,21728.9983697082,15557356.2543974,126,0,0,126,0,126
"07FD910","RYCROFT SURVEY NO. 3 NEAR RYCROFT","07FD910_1",13.4840440144,18.8007615004,18800.7615532402,13484044.0955874,112,0,0,112,0,112
"07GA001","SMOKY RIVER ABOVE HELLS CREEK","07GA001_1",3874.26453207,429.999983757,429999.983360419,3874264531.98822,30286,43,6478,23765,4225,26018
"07GA002","MUSKEG RIVER NEAR GRANDE CACHE","07GA002_1",702.935267283,167.214808166,167214.808077584,702935267.146926,5530,0,12,5518,0,5530
"07GB001","CUTBANK RIVER NEAR GRANDE PRAIRIE","07GB001_1",842.198715765,166.134389014,166134.388891225,842198715.91305,6714,0,0,6714,0,6714
"07GB003","KAKWA RIVER AT HIGHWAY NO. 40","07GB003_1",3370.94819855,408.013952114,408013.952473275,3370948198.87433,26730,62,946,25722,426,26242
"07GC002","PINTO CREEK NEAR GRANDE PRAIRIE","07GC002_1",493.773105709,114.724717505,114724.71744989,493773105.678114,3964,0,0,3964,0,3964
"07GD001","BEAVERLODGE RIVER NEAR BEAVERLODGE","07GD001_1",1608.9136615,226.014982504,226014.982883053,1608913661.42923,13095,52,4,13039,0,13043
"07GD004","REDWILLOW RIVER NEAR RIO GRANDE","07GD004_1",1252.42722859,207.147938398,207147.938349585,1252427228.7937,10105,0,0,10105,0,10105
"07GE001","WAPITI RIVER NEAR GRANDE PRAIRIE","07GE001_1",11261.0191613,648.086184729,648086.185627504,11261019161.0329,90536,113,1626,88797,621,89802
"07GE002","KLESKUN HILLS MAIN DRAIN NEAR GRANDE PRAIRIE","07GE002_1",15.5728139416,18.1021995348,18102.1994899026,15572813.9778124,124,0,0,124,0,124
"07GE003","GRANDE PRAIRIE CREEK NEAR SEXSMITH","07GE003_1",139.743954288,48.3554974261,48355.4972729904,139743954.264812,1139,0,0,1139,0,1139
"07GE007","BEAR RIVER NEAR VALHALLA CENTRE","07GE007_1",182.912841149,55.685692389,55685.6923949637,182912841.173425,1499,0,0,1499,0,1499
"07GF001","SIMONETTE RIVER NEAR GOODWIN","07GF001_1",5037.59071346,459.310150118,459310.150037399,5037590713.3686,40374,2,0,40372,0,40372
"07GF008","DEEP VALLEY CREEK NEAR VALLEYVIEW","07GF008_1",634.801391968,131.581199979,131581.199982824,634801391.830216,5053,0,0,5053,0,5053
"07GG001","WASKAHIGAN RIVER NEAR THE MOUTH","07GG001_1",1037.08861965,193.440294764,193440.294946689,1037088619.63516,8302,17,0,8285,0,8285
"07GG002","LITTLE SMOKY RIVER AT LITTLE SMOKY","07GG002_1",3009.14019065,445.081315853,445081.316099488,3009140190.52678,23877,33,0,23844,0,23844
"07GG003","IOSEGUN RIVER NEAR LITTLE SMOKY","07GG003_1",1954.0987386,242.910455208,242910.455542767,1954098738.71351,15596,173,0,15423,0,15423
"07GH002","LITTLE SMOKY RIVER NEAR GUY","07GH002_1",11090.7952915,793.25913664,793259.137025146,11090795291.1732,88949,834,11,88104,0,88115
"07GH004","PEAVINE CREEK NEAR FALHER","07GH004_1",540.484150048,118.686767055,118686.767205715,540484149.848475,4459,227,44,4188,0,4232
"07GJ001","SMOKY RIVER AT WATINO","07GJ001_1",50315.578616,1532.84364962,1532843.65043453,50315578615.5344,403503,1654,9806,392043,5559,396290
"07HA001","PEACE RIVER AT PEACE RIVER","07HA001_1",194374.242745,3738.45803587,3738458.03552019,194374242744.508,1604770,22009,58928,1523833,27448,1555313
"07HA003","HEART RIVER NEAR NAMPA","07HA003_1",1968.09205799,239.784904707,239784.904750395,1968092057.84824,16345,0,0,16345,0,16345
"07HA005","WHITEMUD RIVER NEAR DIXONVILLE","07HA005_1",2019.76314546,281.30819069,281308.190155308,2019763145.57637,17016,14,0,17002,0,17002
"07HB001","CADOTTE RIVER AT OUTLET CADOTTE LAKE","07HB001_1",878.731566383,207.106140365,207106.140268762,878731566.374633,7388,138,0,7250,0,7250
"07HC001","NOTIKEWIN RIVER AT MANNING","07HC001_1",4678.82282913,376.423035853,376423.035431586,4678822828.98805,39758,0,0,39758,0,39758
"07HC002","BUCHANAN CREEK NEAR MANNING","07HC002_1",241.121536719,102.063958207,102063.95827494,241121536.792889,2047,0,0,2047,0,2047
"07HC907","NORTH STAR DRAINAGE NEAR NORTH STAR","07HC907_1",21.5701661141,21.3330942175,21333.0942522635,21570166.1825623,184,0,0,184,0,184
"07HF001","PEACE RIVER AT FORT VERMILION","07HF001_1",227025.832155,4121.78016021,4121780.15775618,227025832154.937,1883637,23268,58963,1801406,27448,1832921
"07HF002","KEG RIVER AT HIGHWAY NO. 35","07HF002_1",648.563437091,141.78154249,141781.542054927,648563437.109852,5615,0,0,5615,0,5615
"07JA003","WILLOW RIVER NEAR WABASCA","07JA003_1",1037.86857221,185.110217169,185110.216984262,1037868572.26101,8550,29,0,8521,0,8521
"07JC001","LAFOND CREEK NEAR RED EARTH CREEK","07JC001_1",492.091651086,154.695822887,154695.822662588,492091651.040246,4194,0,0,4194,0,4194
"07JC002","REDEARTH CREEK NEAR RED EARTH CREEK","07JC002_1",617.810743695,151.134982178,151134.982093026,617810743.753978,5178,4,0,5174,0,5174
"07JD002","WABASCA RIVER AT HIGHWAY NO. 88","07JD002_1",35896.3111246,1229.39926582,1229399.2642347,35896311124.411,302209,8890,101,293218,0,293319
"07JD003","JACKPINE CREEK AT HIGHWAY NO. 88","07JD003_1",582.244131206,146.63218044,146632.180609097,582244131.326511,5083,0,0,5083,0,5083
"07JD004","TEEPEE CREEK NEAR LA CRETE","07JD004_1",134.971703489,59.2982169557,59298.216981365,134971703.484435,1179,0,0,1179,0,1179
"07JF002","BOYER RIVER NEAR FORT VERMILION","07JF002_1",6795.11122051,487.225640227,487225.639521735,6795111220.62767,59982,38,0,59944,0,59944
"07JF003","PONTON RIVER ABOVE BOYER RIVER","07JF003_1",2435.57109539,412.95895181,412958.95157726,2435571095.42962,21879,768,2,21109,0,21111
"07KC001","PEACE RIVER AT PEACE POINT (ALBERTA)","07KC001_1",300359.975218,5365.04767421,5365047.67383086,300359975217.469,2518240,35727,59072,2423441,27448,2455065
"07KE001","BIRCH RIVER BELOW ALICE CREEK","07KE001_1",9856.38984765,613.972366909,613972.3667035,9856389847.83035,86225,143,0,86082,0,86082
"07NB001","SLAVE RIVER AT FITZGERALD (ALBERTA)","07NB001_1",600969.154553,7359.34244459,7359342.44252834,600969154552.96,5085938,263095,78581,4744262,36928,4785915
"07OA001","SOUSA CREEK NEAR HIGH LEVEL","07OA001_1",819.554200191,135.498648527,135498.648603177,819554200.144087,7247,23,0,7224,0,7224
"07OB001","HAY RIVER NEAR HAY RIVER","07OB001_1",51382.9977253,1909.60435821,1909604.35837908,51382997725.6423,459557,2945,67,456545,2,456610
"07OB003","HAY RIVER NEAR MEANDER RIVER","07OB003_1",36900.555917,1278.32366121,1278323.6606558,36900555916.9436,327050,1931,44,325075,0,325119
"07OB004","STEEN RIVER NEAR STEEN RIVER","07OB004_1",2597.71594777,246.623761106,246623.761042811,2597715947.6406,23684,32,0,23652,0,23652
"07OB006","LUTOSE CREEK NEAR STEEN RIVER","07OB006_1",291.966008616,87.3012265468,87301.2267321616,291966008.520897,2641,0,0,2641,0,2641
"07OC001","CHINCHAGA RIVER NEAR HIGH LEVEL","07OC001_1",10369.6456159,650.410103746,650410.102866103,10369645616.6251,89898,42,0,89856,0,89856
"07QD007","TALTSON RIVER BELOW HYDRO DAM","07QD007_1",56241.0541243,2079.3590994,2079359.09864226,56241054124.1159,537214,76494,1422,459298,49,460671
"07SA002","SNARE RIVER BELOW GHOST RIVER","07SA002_1",13740.8932343,977.547511656,977547.512723901,13740893233.5775,147364,16185,746,130433,559,130620
"07SA008","SNARE RIVER ABOVE INDIN LAKE","07SA008_1",7902.89180707,815.863377473,815863.377098246,7902891805.98176,85042,9633,717,74692,559,74850
"07SB002","YELLOWKNIFE RIVER AT OUTLET OF PROSPEROUS LAKE","07SB002_1",15868.0661726,996.422945471,996422.947152661,15868066172.9276,163750,24783,99,138868,35,138932
"07SB003","YELLOWKNIFE RIVER AT INLET TO PROSPEROUS LAKE","07SB003_1",10947.6301303,954.161191286,954161.193780079,10947630130.4408,113754,16400,54,97300,35,97319
"07SB010","CAMERON RIVER BELOW REID LAKE","07SB010_1",3678.92802619,481.085704953,481085.704829657,3678928025.87469,37487,6191,45,31251,0,31296
"07SB013","BAKER CREEK AT OUTLET OF LOWER MARTIN LAKE","07SB013_1",137.608454832,77.6794501319,77679.4507079278,137608454.822931,1385,122,0,1263,0,1263
"07SC002","WALDRON RIVER NEAR THE MOUTH","07SC002_1",1953.11102,353.527637757,353527.637978954,1953111019.9447,20123,3248,62,16813,15,16860
"07TA001","LA MARTRE RIVER BELOW OUTLET OF LAC LA MARTRE","07TA001_1",14046.6343289,934.641690651,934641.690913308,14046634329.2745,147104,31323,209,115572,0,115781
"08AA003","DEZADEASH RIVER AT HAINES JUNCTION","08AA003_1",8452.24674953,721.205659824,721205.659578899,8452246748.90693,80682,3882,2477,74323,1176,75624
"08AA008","SEKULMUN RIVER AT OUTLET OF SEKULMUN LAKE","08AA008_1",1235.67755679,217.598004169,217598.004521539,1235677556.52403,11975,419,1,11555,0,11556
"08AA009","GILTANA CREEK NEAR THE MOUTH","08AA009_1",189.651665568,83.5462240408,83546.223496596,189651665.619911,1827,14,0,1813,0,1813
"08AA010","AISHIHIK RIVER BELOW AISHIHIK LAKE","08AA010_1",3000.19919953,373.539425957,373539.426082752,3000199199.17244,29047,2070,1,26976,0,26977
"08AB001","ALSEK RIVER ABOVE BATES RIVER","08AB001_1",16226.8238254,959.080648747,959080.648693565,16226823824.937,154086,9009,37308,107769,32754,112323
"08AC001","TAKHANNE RIVER AT KM 167 HAINES HIGHWAY","08AC001_1",374.734118273,97.0477833051,97047.7837484009,374734118.452578,3483,344,274,2865,74,3065
"08AC002","TATSHENSHINI RIVER NEAR DALTON POST","08AC002_1",1751.3944398,268.928856184,268928.856064601,1751394440.1315,16228,2611,2312,11305,1598,12019
"08BB005","TAKU RIVER NEAR JUNEAU","08BB005_1",16685.7719903,856.018543524,856018.543597886,16685771990.7577,148971,24904,25097,98970,19844,104223
"08CD001","TUYA RIVER NEAR TELEGRAPH CREEK","08CD001_1",3554.87011719,488.888000488,488888.425423426,3554866364.294,31689,2330,357,29002,98,29261
"08CE001","STIKINE RIVER AT TELEGRAPH CREEK","08CE001_1",28986.5996094,1826.64001465,1826644.23225341,28986648114.5808,252967,9644,23874,219449,13570,229753
"08CF003","STIKINE RIVER NEAR WRANGELL","08CF003_1",50940.9911091,2011.87155807,2011871.55928771,50940991109.9424,441057,41022,82861,317174,65609,334426
"08CG001","ISKUT RIVER BELOW JOHNSON RIVER","08CG001_1",9500.45996094,703.924987793,703924.910200793,9500459705.29674,81014,12641,24501,43872,20963,47410
"08DB001","NASS RIVER ABOVE SHUMAL CREEK","08DB001_1",18403.1992188,1130.80004883,1130802.45494736,18403170544.7164,153605,20525,37098,95982,31503,101577
"08DB013","ANSEDAGAN CREEK NEAR NEW AIYANSH","08DB013_1",26.0000991821,28.5272006989,28527.1801907362,26000104.2827612,206,9,43,154,35,162
"08EB004","KISPIOX RIVER NEAR HAZELTON","08EB004_1",1875.66003418,315.696014404,315696.236699177,1875659490.55251,15439,1186,992,13261,802,13451
"08EC013","BABINE RIVER AT OUTLET OF NILKITKWA LAKE","08EC013_1",6760.75,788.341003418,788341.164290311,6760751790.20601,54372,3294,592,50486,143,50935
"08ED001","NANIKA RIVER AT OUTLET OF KIDPRICE LAKE","08ED001_1",731.914978027,171.285003662,171285.237422223,731914958.819756,5755,227,2243,3285,1698,3830
"08ED002","MORICE RIVER NEAR HOUSTON","08ED002_1",1896.61999512,256.885986328,256886.458159655,1896618781.42727,14929,1386,5085,8458,3825,9718
"08EE003","BULKLEY RIVER NEAR HOUSTON","08EE003_1",2367.72998047,280.611999512,280612.160627317,2367731143.02148,18870,29,4,18837,0,18841
"08EE004","BULKLEY RIVER AT QUICK","08EE004_1",7343.87988281,659.093994141,659094.424074981,7343877233.09266,58285,1432,7186,49667,5123,51730
"08EE008","GOATHORN CREEK NEAR TELKWA","08EE008_1",125.087997437,54.9991989136,54999.234419756,125088304.712416,1006,0,88,918,28,978
"08EE012","SIMPSON CREEK AT THE MOUTH","08EE012_1",14.1423997879,19.0636005402,19063.6108484451,14142372.1339155,115,0,28,87,2,113
"08EE013","BUCK CREEK AT THE MOUTH","08EE013_1",564.518005371,142.845993042,142845.783517841,564518175.428179,4488,0,4,4484,0,4488
"08EE020","TELKWA RIVER BELOW TSAI CREEK","08EE020_1",367.053009033,127.559997559,127559.555663778,367053470.276911,2932,140,1159,1633,844,1948
"08EE025","TWO MILE CREEK IN DISTRICT LOT 4834","08EE025_1",21.1760997772,19.4927005768,19492.6530079653,21176089.4769799,174,0,0,174,0,174
"08EF001","SKEENA RIVER AT USK","08EF001_1",42306.1015625,2436.57006836,2436567.10600488,42306144367.6426,345396,17585,53004,274807,38493,289318
"08EF005","ZYMOETZ RIVER ABOVE O.K. CREEK","08EF005_1",2847.02001953,421.428985596,421429.286226304,2847015298.52585,22750,667,6134,15949,4688,17395
"08EF006","M3 CREEK NEAR SMITHERS","08EF006_1",9.97451019287,16.9622001648,16962.1675818571,9974511.83099223,80,0,4,76,0,80
"08EG012","EXCHAMSIKS RIVER NEAR TERRACE","08EG012_1",369.894989014,113.560997009,113561.242105716,369894782.102553,2960,1302,632,1026,612,1046
"08EG016","KLOIYA RIVER NEAR PRINCE RUPERT","08EG016_1",103.871002197,56.3694000244,56369.4010544809,103870744.742277,826,2,0,824,0,824
"08FA002","WANNOCK RIVER AT OUTLET OF OWIKENO LAKE","08FA002_1",3902.26000977,395.746002197,395746.481648437,3902260949.35245,29207,1218,12768,15221,10744,17245
"08FB004","SALLOOMT RIVER NEAR HAGENSBORG","08FB004_1",158.514007568,64.3637008667,64363.6629066071,158513632.26163,1206,0,415,791,311,895
"08FB006","ATNARKO RIVER NEAR THE MOUTH","08FB006_1",2551,306.713989258,306714.191371701,2550995280.86278,19330,487,2119,16724,971,17872
"08FC003","DEAN RIVER BELOW TANSWANKET CREEK","08FC003_1",3724.12011719,394.265014648,394265.156080783,3724118097.79354,28429,37,373,28019,109,28283
"08FE003","KEMANO RIVER ABOVE POWERHOUSE TAILRACE","08FE003_1",555.804992676,132.445007324,132445.241433931,555804570.152647,4358,564,1753,2041,1591,2203
"08FF001","KITIMAT RIVER BELOW HIRSCH CREEK","08FF001_1",1993.88000488,253.901000977,253901.159262985,1993883572.77482,15802,2128,2007,11667,1657,12017
"08FF002","HIRSCH CREEK NEAR THE MOUTH","08FF002_1",353.148010254,93.885597229,93885.5669067601,353147820.186553,2799,539,224,2036,173,2087
"08FF003","LITTLE WEDEENE RIVER BELOW BOWBYES CREEK","08FF003_1",179.598999023,64.6146011353,64614.6405832911,179599188.556755,1419,265,310,844,276,878
"08GA010","CAPILANO RIVER ABOVE INTAKE","08GA010_1",173.029998779,63.4752998352,63475.3328702899,173030389.304287,1241,0,52,1189,26,1215
"08GA022","SQUAMISH RIVER NEAR BRACKENDALE","08GA022_1",2349.35009766,335.391998291,335391.937582454,2349351890.8338,17043,182,8917,7944,7877,8984
"08GA030","SEYMOUR RIVER NEAR NORTH VANCOUVER","08GA030_1",178.973999023,87.1940994263,87194.0531001598,178973633.337726,1280,0,22,1258,9,1271
"08GA043","CHEAKAMUS RIVER NEAR BRACKENDALE","08GA043_1",964.562988281,200.029998779,200029.849284937,964563496.506343,6961,138,2850,3973,2389,4434
"08GA061","MACKAY CREEK AT MONTROYAL BOULEVARD","08GA061_1",3.42243003845,7.45722007751,7457.22371831572,3422427.58146614,24,0,0,24,0,24
"08GA072","CHEAKAMUS RIVER ABOVE MILLAR CREEK","08GA072_1",297.07598877,96.1718978882,96171.8755737797,297076133.428723,2144,31,1163,950,945,1168
"08GA075","MAMQUAM RIVER ABOVE RING CREEK","08GA075_1",283.649993896,101.214996338,101214.847424661,283649734.829284,2042,27,592,1423,462,1553
"08GA076","STAWAMUS RIVER AT HIGHWAY NO. 99","08GA076_1",52.8134994507,42.8950996399,42895.1239115331,52813453.8697289,373,0,54,319,33,340
"08GA077","SEYMOUR RIVER BELOW ORCHID CREEK","08GA077_1",62.9598007202,37.9975013733,37997.5299092442,62959778.5342888,455,0,19,436,9,446
"08GA079","SEYMOUR RIVER ABOVE LAKEHEAD","08GA079_1",82.9364013672,45.1077003479,45107.6783733153,82936362.7091023,599,0,19,580,9,590
"08GB013","CLOWHOM RIVER NEAR CLOWHOM LAKE","08GB013_1",147.154998779,57.5372009277,57537.2376560477,147155136.174684,1064,9,439,616,384,671
"08GD004","HOMATHKO RIVER AT THE MOUTH","08GD004_1",5676.31982422,472.54699707,472546.892162122,5676320038.58835,42227,299,17240,24688,14435,27493
"08GD008","HOMATHKO RIVER AT INLET TO TATLAYOKO LAKE","08GD008_1",486.294006348,109.174003601,109173.847363237,486293590.861896,3638,0,53,3585,17,3621
"08GE002","KLINAKLINI RIVER EAST CHANNEL (MAIN) NEAR THE MOUTH","08GE002_1",5779.54003906,527.140014648,527140.187745831,5779537331.61984,43273,162,16419,26692,13502,29609
"08GE003","ICY CREEK NEAR THE MOUTH","08GE003_1",23.1669998169,21.4992008209,21499.1648701422,23166952.7212003,174,9,107,58,101,64
"08HB002","ENGLISHMAN RIVER NEAR PARKSVILLE","08HB002_1",318.95098877,92.4124984741,92412.4975528366,318950608.437868,2264,0,16,2248,3,2261
"08HB006","PUNTLEDGE RIVER AT COURTENAY","08HB006_1",583.400024414,136.533004761,136532.680162424,583400078.325013,4180,80,356,3744,266,3834
"08HB008","SPROAT RIVER NEAR ALBERNI","08HB008_1",350.934997559,131.48399353,131484.491380845,350935342.844518,2480,171,0,2309,0,2309
"08HB011","TSOLUM RIVER NEAR COURTENAY","08HB011_1",251.089004517,83.5580978394,83558.0490220467,251089126.338504,1808,0,6,1802,0,1808
"08HB023","ASH RIVER BELOW MORAN CREEK","08HB023_1",387.309997559,144.944000244,144944.271427233,387309993.59633,2757,16,126,2615,91,2650
"08HB032","MILLSTONE RIVER AT NANAIMO","08HB032_1",96.9759979248,48.8479995728,48847.9792188508,96975980.0765965,687,0,0,687,0,687
"08HB034","NANAIMO RIVER NEAR CASSIDY","08HB034_1",675.669006348,158.434005737,158434.211765203,675668492.075814,4776,5,0,4771,0,4771
"08HB075","DOVE CREEK NEAR THE MOUTH","08HB075_1",44.2178001404,33.0750007629,33075.0183820555,44217814.8733091,321,0,0,321,0,321
"08HB084","PUNTLEDGE RIVER BELOW DIVERSION","08HB084_1",478.760009766,130.843002319,130843.369794637,478760017.749276,3430,80,356,2994,266,3084
"08HB086","TOFINO CREEK NEAR THE MOUTH","08HB086_1",38.599899292,30.5351009369,30535.1322593196,38599864.7247469,275,0,0,275,0,275
"08HC001","GOLD RIVER BELOW UCONA RIVER","08HC001_1",991.846008301,202.315002441,202315.219816966,991845514.091689,7125,12,181,6932,58,7055
"08HD003","CAMPBELL RIVER NEAR CAMPBELL RIVER","08HD003_1",1469.33996582,305.238006592,305237.765173014,1469339018.45172,10580,290,1339,8951,718,9572
"08HD005","QUINSAM RIVER NEAR CAMPBELL RIVER","08HD005_1",277.842987061,96.8589019775,96858.9324518778,277843254.980535,1994,12,14,1968,9,1973
"08HD006","SALMON RIVER NEAR SAYWARD","08HD006_1",1211.43005371,211.369995117,211370.492405768,1211430574.48108,8773,1,145,8627,52,8720
"08HD007","SALMON RIVER ABOVE MEMEKAY RIVER","08HD007_1",439.25100708,137.570999146,137570.517042572,439250778.58969,3188,1,46,3141,19,3168
"08HD011","OYSTER RIVER BELOW WOODHUS CREEK","08HD011_1",301.861999512,97.9525985718,97952.5488529265,301861982.009169,2169,0,141,2028,83,2086
"08HD015","SALMON RIVER ABOVE CAMPBELL LAKE DIVERSION","08HD015_1",268.305999756,109.573997498,109573.816835017,268306451.008191,1950,0,46,1904,19,1931
"08HD018","ELK RIVER ABOVE CAMPBELL LAKE","08HD018_1",131.565994263,57.7848014832,57784.7673155266,131565532.625855,953,0,146,807,54,899
"08HD020","SALMON RIVER DIVERSION NEAR CAMPBELL RIVER","08HD020_1",269.558990479,111.15599823,111156.161140622,269559478.304766,1960,0,46,1914,19,1941
"08HD021","QUINSAM RIVER AT ARGONAUT BRIDGE","08HD021_1",84.2324981689,49.3165016174,49316.5422446405,84232475.1068214,599,12,14,573,9,578
"08HE006","ZEBALLOS RIVER NEAR ZEBALLOS","08HE006_1",177.960998535,91.3617019653,91361.7153956717,177961250.513153,1284,31,21,1232,5,1248
"08HE009","KLASKISH RIVER NEAR KLASKINO INLET","08HE009_1",33.3117980957,29.0534992218,29053.4772617614,33311834.593596,245,0,0,245,0,245
"08HF004","TSITIKA RIVER BELOW CATHERINE CREEK","08HF004_1",364.614990234,130.791000366,130791.095111696,364615148.349931,2660,0,79,2581,15,2645
"08HF005","NIMPKISH RIVER ABOVE WOSS RIVER","08HF005_1",783.111022949,162.479003906,162479.098477016,783111130.588173,5664,4,147,5513,64,5596
"08HF006","SAN JOSEF RIVER BELOW SHARP CREEK","08HF006_1",64.3937988281,49.5447998047,49544.8129277335,64393768.33382,466,0,0,466,0,466
"08HF012","PUGH CREEK NEAR NAHWITTI LAKE","08HF012_1",22.2817001343,20.846200943,20846.1978028735,22281746.3927067,165,0,0,165,0,165
"08HF013","SIMPSON CREEK NEAR KOPRINO HARBOUR","08HF013_1",16.2922992706,20.7595005035,20759.525035061,16292320.0903632,116,0,0,116,0,116
"08JA017","NECHAKO RIVER BELOW CHESLATTA FALLS","08JA017_1",15491.7001953,928.148986816,928149.077422759,15491682172.6286,120697,7709,9381,103607,6821,106167
"08JA029","WHITESAIL MIDDLE CREEK NEAR TAHTSA REACH","08JA029_1",5.97657012939,10.767999649,10768.0304102574,5976572.06470703,47,0,11,36,0,47
"08JB002","STELLAKO RIVER AT GLENANNAN","08JB002_1",4019.62988281,582.505981445,582505.591468517,4019627158.06338,31723,1816,244,29663,116,29791
"08JB003","NAUTLEY RIVER NEAR FORT FRASER","08JB003_1",6552.12988281,716.04699707,716046.619777224,6552125674.48194,51784,2520,244,49020,116,49148
"08JB008","NADINA RIVER AT OUTLET OF NADINA LAKE","08JB008_1",368.644012451,107.361999512,107361.795697041,368643719.407998,2906,45,216,2645,116,2745
"08JC001","NECHAKO RIVER AT VANDERHOOF","08JC001_1",25232.1992188,1204.68005371,1204677.02827026,25232223502.8597,197585,10506,9625,177454,6937,180142
"08JC002","NECHAKO RIVER AT ISLE PIERRE","08JC002_1",42747.3007813,2298.35009766,2298354.40615466,42747308741.4672,338655,17979,11633,309043,8101,312575
"08JE001","STUART RIVER NEAR FORT ST. JAMES","08JE001_1",14212.4003906,1131.32995605,1131332.28498689,14212441830.7877,114996,7301,2006,105689,1164,106531
"08JE004","TSILCOH RIVER NEAR THE MOUTH","08JE004_1",430.783996582,134.899993896,134899.953638205,430784341.510574,3458,0,0,3458,0,3458
"08KA001","DORE RIVER NEAR MCBRIDE","08KA001_1",408.803009033,102.132003784,102132.073546895,408802549.56408,3164,18,1485,1661,1100,2046
"08KA004","FRASER RIVER AT HANSARD","08KA004_1",17955.8007813,1256.10998535,1256105.07225136,17955834404.4982,139650,697,34397,104556,24303,114650
"08KA005","FRASER RIVER AT MCBRIDE","08KA005_1",6886.41992188,628.530029297,628529.589488789,6886420510.80166,53112,337,20209,32566,15077,37698
"08KA007","FRASER RIVER AT RED PASS","08KA007_1",1709.69995117,306.411010742,306410.660657823,1709695598.86375,13142,139,4991,8012,3429,9574
"08KA009","MCKALE RIVER NEAR 940 M CONTOUR","08KA009_1",253.388000488,82.5624008179,82562.3576419824,253388419.831031,1968,16,1039,913,820,1132
"08KA013","MORKILL RIVER BELOW HELLROARING CREEK","08KA013_1",1260.18005371,215.011993408,215012.030377033,1260181589.60549,9862,26,4122,5714,2960,6876
"08KB001","FRASER RIVER AT SHELLEY","08KB001_1",32436.5996094,1968.16003418,1968155.15742429,32436594664.1469,254295,1744,45942,206609,32575,219976
"08KB003","MCGREGOR RIVER AT LOWER CANYON","08KB003_1",4778.12011719,515.943969727,515943.653109733,4778123002.28901,37856,648,11442,25766,8253,28955
"08KB006","MULLER CREEK NEAR THE MOUTH","08KB006_1",102.588996887,46.721698761,46721.7103907649,102589086.019603,814,10,253,551,171,633
"08KC001","SALMON RIVER NEAR PRINCE GEORGE","08KC001_1",4232.66992188,537.838989258,537838.676547467,4232666528.26955,33771,270,27,33474,0,33501
"08KD007","BOWRON RIVER BELOW BOX CANYON","08KD007_1",3332.58007813,505.382995605,505382.853394,3332583261.6955,25973,204,1341,24428,563,25206
"08KE016","BAKER CREEK AT QUESNEL","08KE016_1",1554.57995605,282.903991699,282904.480905932,1554579561.12239,11940,48,0,11892,0,11892
"08KE024","LITTLE SWIFT RIVER AT THE MOUTH","08KE024_1",127.089996338,57.5466995239,57546.6602743616,127090011.713327,979,0,25,954,2,977
"08KG001","WEST ROAD RIVER NEAR CINEMA","08KG001_1",12429.7998047,906.499023438,906499.412228497,12429804450.7883,95730,204,45,95481,0,95526
"08KH001","QUESNEL RIVER AT LIKELY","08KH001_1",5965.06982422,610.343994141,610343.849037705,5965067646.06694,45463,2608,6719,36136,4858,37997
"08KH006","QUESNEL RIVER NEAR QUESNEL","08KH006_1",11546.7998047,817.943969727,817944.06212396,11546813480.2215,88269,3035,11442,73792,8210,77024
"08KH010","HORSEFLY RIVER ABOVE MCKINLEY CREEK","08KH010_1",789.840026855,180.49899292,180498.585057593,789840081.819849,5999,45,1230,4724,720,5234
"08KH019","MOFFAT CREEK NEAR HORSEFLY","08KH019_1",547.674987793,175.212005615,175212.440133508,547675349.377063,4147,34,32,4081,21,4092
"08KH020","MCKINLEY CREEK BELOW OUTLET OF MCKINLEY LAKE","08KH020_1",430.539001465,134.619003296,134619.280255048,430538862.116477,3249,49,61,3139,12,3188
"08KH030","PENFOLD CREEK NEAR THE MOUTH","08KH030_1",183.720993042,64.6928024292,64692.8363477191,183721002.649867,1409,6,460,943,330,1073
"08LA001","CLEARWATER RIVER NEAR CLEARWATER STATION","08LA001_1",10325.7998047,896.57598877,896576.477938405,10325769792.5827,77940,2542,12336,63062,9478,65920
"08LA027","BRIDGE CREEK BELOW DEKA CREEK","08LA027_1",364.99899292,154.583999634,154584.392717343,364998808.141375,2720,155,0,2565,0,2565
"08LB020","BARRIERE RIVER AT THE MOUTH","08LB020_1",1144.36999512,180.804992676,180804.785427493,1144371953.67473,8502,59,173,8270,19,8424
"08LB024","FISHTRAP CREEK NEAR MCLURE","08LB024_1",143.014007568,69.0662002563,69066.2131221669,143014467.668166,1056,0,0,1056,0,1056
"08LB038","BLUE RIVER NEAR BLUE RIVER","08LB038_1",272.222991943,93.9862976074,93986.3207387021,272222494.587736,2059,18,563,1478,413,1628
"08LB047","NORTH THOMPSON RIVER AT BIRCH ISLAND","08LB047_1",4487.22998047,555.146972656,555147.371253071,4487231804.60487,33932,387,9060,24485,6953,26592
"08LB064","NORTH THOMPSON RIVER AT MCLURE","08LB064_1",19612,1203.93994141,1203942.56948857,19611967301.4323,147616,3031,21983,122602,16603,127982
"08LB069","BARRIERE RIVER BELOW SPRAGUE CREEK","08LB069_1",624.12097168,132.628005981,132628.227603423,624121453.131208,4641,16,173,4452,19,4606
"08LB078","LEMIEUX CREEK NEAR THE MOUTH","08LB078_1",528.692993164,161.777999878,161777.601368289,528692825.575117,3955,29,0,3926,0,3926
"08LC002","SHUSWAP RIVER NEAR ENDERBY","08LC002_1",4723.56005859,396.29901123,396299.150130885,4723556862.06642,34431,316,2333,31782,1259,32856
"08LC003","SHUSWAP RIVER NEAR LUMBY","08LC003_1",2004.18005371,317.279998779,317279.701007723,2004184909.49768,14609,107,1503,12999,853,13649
"08LC018","SHUSWAP RIVER AT OUTLET OF SUGAR LAKE RESERVOIR","08LC018_1",1131.22998047,199.354995728,199354.941215471,1131230810.10592,8260,107,1438,6715,840,7313
"08LC039","BESSETTE CREEK ABOVE BEAVERJACK CREEK","08LC039_1",769.398010254,157.552001953,157551.93049039,769398340.103631,5572,0,0,5572,0,5572
"08LC040","VANCE CREEK BELOW DEAFIES CREEK","08LC040_1",70.8671035767,42.7867012024,42786.6638295684,70867064.3932392,516,0,0,516,0,516
"08LC042","BESSETTE CREEK ABOVE LUMBY LAGOON OUTFALL","08LC042_1",632.198974609,134.229995728,134230.367650485,632199227.294193,4578,0,0,4578,0,4578
"08LD001","ADAMS RIVER NEAR SQUILAX","08LD001_1",3205.22998047,513.518981934,513518.575381209,3205230435.61366,23901,823,2616,20462,1879,21199
"08LE020","SALMON RIVER AT FALKLAND","08LE020_1",1029.35998535,231.115997314,231116.458896176,1029357269.35836,7502,0,0,7502,0,7502
"08LE021","SALMON RIVER NEAR SALMON ARM","08LE021_1",1548.7199707,308.989990234,308989.943551548,1548722879.82799,11297,0,0,11297,0,11297
"08LE024","EAGLE RIVER NEAR MALAKWA","08LE024_1",932.325012207,179.434997559,179435.407522644,932325231.207717,6889,21,1598,5270,1091,5777
"08LE027","SEYMOUR RIVER NEAR SEYMOUR ARM","08LE027_1",805.049987793,189.557006836,189557.447036941,805049682.417164,6000,111,1938,3951,1560,4329
"08LE031","SOUTH THOMPSON RIVER AT CHASE","08LE031_1",15819.7998047,1104.76000977,1104756.91140105,15819762461.2645,116430,3256,9569,103605,6342,106832
"08LE077","CORNING CREEK NEAR SQUILAX","08LE077_1",23.7661991119,27.8992004395,27899.2009013867,23766163.2736689,176,0,0,176,0,176
"08LE112","CHASE CREEK ABOVE THE MOUTH","08LE112_1",296.618988037,96.7675018311,96767.453612372,296618996.230385,2178,0,0,2178,0,2178
"08LF002","BONAPARTE RIVER BELOW CACHE CREEK","08LF002_1",5281.06982422,583.297973633,583297.912553533,5281070229.45166,39083,488,0,38595,0,38595
"08LF007","CRISS CREEK NEAR SAVONA","08LF007_1",479.484985352,134.382003784,134382.38796763,479484691.438499,3528,0,0,3528,0,3528
"08LF027","DEADMAN RIVER ABOVE CRISS CREEK","08LF027_1",878.127990723,214.483001709,214483.445636558,878127477.066584,6492,7,0,6485,0,6485
"08LF051","THOMPSON RIVER NEAR SPENCES BRIDGE","08LF051_1",55417.3007813,1890.56994629,1890566.11125213,55417272406.9806,410368,7352,31851,371165,23019,379997
"08LF094","JOE ROSS CREEK NEAR THE MOUTH","08LF094_1",98.9152984619,50.0864982605,50086.5458535762,98915300.5703375,736,0,0,736,0,736
"08LG006","NICOLA RIVER NEAR SPENCES BRIDGE","08LG006_1",7103.43994141,599.42199707,599422.265178935,7103435162.99954,51457,221,299,50937,74,51162
"08LG010","COLDWATER RIVER AT MERRITT","08LG010_1",916.593994141,218.018997192,218019.037639733,916594187.652486,6605,0,181,6424,48,6557
"08LG016","PENNASK CREEK NEAR QUILCHENA","08LG016_1",87.5983963013,44.8713989258,44871.4306175074,87598360.9330218,634,0,0,634,0,634
"08LG041","GUICHON CREEK AT OUTLET OF MAMIT LAKE","08LG041_1",871.070007324,175.468994141,175468.798922043,871069508.009254,6354,3,0,6351,0,6351
"08LG048","COLDWATER RIVER NEAR BROOKMERE","08LG048_1",316.437988281,111.123001099,111123.020740134,316438029.851254,2270,0,181,2089,48,2222
"08LG056","GUICHON CREEK ABOVE TUNKWA LAKE DIVERSION","08LG056_1",74.2227020264,44.3030014038,44303.0036344034,74222731.99719,539,0,0,539,0,539
"08LG065","NICOLA RIVER AT OUTLET OF NICOLA LAKE","08LG065_1",2963.04003906,342.907012939,342906.576669848,2963042236.82608,21447,218,0,21229,0,21229
"08LG068","SPIUS CREEK BELOW SILVER CREEK","08LG068_1",177.602005005,66.0800018311,66079.9996325771,177602265.721815,1284,0,33,1251,3,1281
"08MA001","CHILKO RIVER NEAR REDSTONE","08MA001_1",6876.33007813,552.189025879,552189.334693579,6876330063.98823,51203,1278,9457,40468,6472,43453
"08MA002","CHILKO RIVER AT OUTLET OF CHILKO LAKE","08MA002_1",2133.92993164,358.481994629,358481.953592493,2133929732.62853,15823,1080,4624,10119,3172,11571
"08MA003","TASEKO RIVER AT OUTLET OF TASEKO LAKES","08MA003_1",1523.2800293,246.468994141,246468.641808932,1523278005.15662,11267,133,4536,6598,3187,7947
"08MA006","LINGFIELD CREEK NEAR THE MOUTH","08MA006_1",98.7464981079,56.5275001526,56527.5074943549,98746545.3375525,738,0,0,738,0,738
"08MB006","BIG CREEK ABOVE GROUNDHOG CREEK","08MB006_1",1010.88000488,172.589996338,172589.509967104,1010878767.84698,7509,0,290,7219,139,7370
"08MB007","BIG CREEK BELOW GRAVEYARD CREEK","08MB007_1",195.837005615,74.4232025146,74423.2209086136,195837166.384937,1456,0,225,1231,114,1342
"08MC018","FRASER RIVER NEAR MARGUERITE","08MC018_1",114357,3690.5,3690501.44356829,114356800908.531,894689,23372,69148,802169,48900,822417
"08MC040","SAN JOSE RIVER ABOVE BORLAND CREEK","08MC040_1",1986.98999023,260.17199707,260171.541877908,1986990891.42871,14931,140,0,14791,0,14791
"08MD035","DASH CREEK ABOVE CHURN CREEK","08MD035_1",76.234703064,41.0332984924,41033.258402812,76234673.6802417,564,0,0,564,0,564
"08ME002","CAYOOSH CREEK NEAR LILLOOET","08ME002_1",885.229003906,196.554000854,196553.720347358,885228828.947006,6456,7,1436,5013,856,5593
"08ME003","SETON RIVER NEAR LILLOOET","08ME003_1",1018.38000488,190.766998291,190767.415031402,1018384126.35792,7456,287,1230,5939,742,6427
"08ME023","BRIDGE RIVER (SOUTH BRANCH) BELOW BRIDGE GLACIER","08ME023_1",144.371994019,68.8686981201,68868.6526531293,144371765.746566,1064,9,859,196,795,260
"08ME025","YALAKOM RIVER ABOVE ORE CREEK","08ME025_1",580.726013184,138.597000122,138596.940941194,580726242.26351,4278,0,337,3941,126,4152
"08ME027","HURLEY RIVER BELOW LONE GOAT CREEK","08ME027_1",311.736999512,96.9571990967,96957.1792328369,311736944.621168,2280,8,1150,1122,861,1411
"08ME028","BRIDGE RIVER ABOVE DOWNTON LAKE","08ME028_1",708.392028809,163.86000061,163860.320382518,708391630.980351,5210,35,3311,1864,2891,2284
"08MF005","FRASER RIVER AT HOPE","08MF005_1",216639,4916.70996094,4916710.59854182,216639153873.151,1653583,33145,129221,1491217,90381,1530057
"08MF040","FRASER RIVER ABOVE TEXAS CREEK","08MF040_1",154232,4327.52001953,4327517.12715134,154232125442.634,1192749,25744,90302,1076703,63320,1103685
"08MF062","COQUIHALLA RIVER BELOW NEEDLE CREEK","08MF062_1",90.0610961914,50.2691993713,50269.2056488031,90061069.269487,645,0,75,570,43,602
"08MF065","NAHATLATCH RIVER BELOW TACHEWANA CREEK","08MF065_1",712.150024414,125.375,125375.224895816,712150216.226311,5138,34,2194,2910,1611,3493
"08MF068","COQUIHALLA RIVER ABOVE ALEXANDER CREEK","08MF068_1",720.273010254,167.529998779,167530.33476546,720273070.264449,5140,0,551,4589,227,4913
"08MG001","CHEHALIS RIVER NEAR HARRISON MILLS","08MG001_1",383.07598877,100.788002014,100788.117258091,383075717.578502,2733,41,147,2545,112,2580
"08MG005","LILLOOET RIVER NEAR PEMBERTON","08MG005_1",2098.12011719,301.782989502,301783.270122147,2098118385.01396,15345,83,7963,7299,6859,8403
"08MG013","HARRISON RIVER NEAR HARRISON HOT SPRINGS","08MG013_1",7885.83984375,856.663024902,856662.936819097,7885836383.79161,57148,1708,20912,34528,16814,38626
"08MG025","PEMBERTON CREEK NEAR PEMBERTON","08MG025_1",32.3662986755,31.5151004791,31515.0760650982,32366289.9127994,234,0,87,147,58,176
"08MG026","FITZSIMMONS CREEK BELOW BLACKCOMB CREEK","08MG026_1",89.7041015625,49.3594017029,49359.4031670028,89704065.2267741,649,0,289,360,211,438
"08MH001","CHILLIWACK RIVER AT VEDDER CROSSING","08MH001_1",1231.9699707,211.473007202,211473.134864769,1231969923.41769,8727,71,1965,6691,1226,7430
"08MH002","COQUITLAM RIVER AT PORT COQUITLAM","08MH002_1",237.983001709,91.3091964722,91309.226584935,237983381.678422,1700,11,56,1633,36,1653
"08MH005","ALOUETTE RIVER NEAR HANEY","08MH005_1",233.48500061,89.8924026489,89892.4484891825,233484774.472062,1662,52,11,1599,3,1607
"08MH006","NORTH ALOUETTE RIVER AT 232ND STREET, MAPLE RIDGE","08MH006_1",35.172000885,42.6408996582,42640.8585176883,35171968.056014,248,0,1,247,0,248
"08MH016","CHILLIWACK RIVER AT OUTLET OF CHILLIWACK LAKE","08MH016_1",335.104003906,109.896003723,109896.153900384,335103926.916334,2365,48,789,1528,524,1793
"08MH024","FRASER RIVER AT MISSION","08MH024_1",228160,5152.41992188,5152419.85500391,228160463024.179,1736545,35242,152876,1548427,108892,1592411
"08MH029","SUMAS RIVER NEAR HUNTINGDON","08MH029_1",144.188995361,65.9586029053,65958.5732538317,144189327.941388,1014,0,0,1014,0,1014
"08MH056","SLESSE CREEK NEAR VEDDER CROSSING","08MH056_1",160.376998901,70.4826965332,70482.6716255909,160376533.082216,1137,0,347,790,249,888
"08MH076","KANAKA CREEK NEAR WEBSTER CORNERS","08MH076_1",45.5884017944,33.0358009338,33035.7960599187,45588396.013029,327,0,0,327,0,327
"08MH090","SALMON RIVER AT 72 AVENUE, LANGLEY","08MH090_1",48.8827018738,38.9917984009,38991.7920978677,48882674.5195156,347,0,0,347,0,347
"08MH098","WEST CREEK NEAR FORT LANGLEY","08MH098_1",10.6443004608,24.1760005951,24176.0453957957,10644287.9619987,80,0,0,80,0,80
"08MH103","CHILLIWACK RIVER ABOVE SLESSE CREEK","08MH103_1",650.145019531,173.968002319,173968.052241719,650144846.985905,4601,50,1312,3239,810,3741
"08MH141","COQUITLAM RIVER ABOVE COQUITLAM LAKE","08MH141_1",52.4967002869,34.5040016174,34503.9539320992,52496685.7839548,376,5,32,339,22,349
"08MH147","STAVE RIVER ABOVE STAVE LAKE","08MH147_1",289.697998047,140.479003906,140479.029711086,289698070.511672,2076,30,1018,1028,869,1177
"08MH153","FISHTRAP CREEK AT INTERNATIONAL BOUNDARY","08MH153_1",19.0167999268,23.2189998627,23219.0138667178,19016848.808816,133,0,0,133,0,133
"08MH155","NICOMEKL RIVER AT 203 STREET, LANGLEY","08MH155_1",69.9961013794,37.2629013062,37262.8628410017,69996088.238742,494,0,0,494,0,494
"08NA002","COLUMBIA RIVER AT NICHOLSON","08NA002_1",6663.68017578,525.593994141,525593.924072612,6663681096.63474,48844,178,8815,39851,5900,42766
"08NA006","KICKING HORSE RIVER AT GOLDEN","08NA006_1",1845.97998047,248.638000488,248637.77796339,1845982175.98502,13711,47,3537,10127,2314,11350
"08NA011","SPILLIMACHEEN RIVER NEAR SPILLIMACHEEN","08NA011_1",1457.22998047,256.792999268,256793.263588872,1457234943.59862,10744,46,3638,7060,2643,8055
"08NB005","COLUMBIA RIVER AT DONALD","08NB005_1",9695.78027344,691.293029785,691293.17229212,9695781616.65889,71388,254,14533,56601,9728,61406
"08NB012","BLAEBERRY RIVER ABOVE WILLOWBANK CREEK","08NB012_1",587.474975586,163.255004883,163255.264758647,587475296.26517,4392,29,1740,2623,1281,3082
"08NB014","GOLD RIVER ABOVE PALMER CREEK","08NB014_1",428.869995117,109.872001648,109871.513454938,428869565.443398,3198,38,1955,1205,1666,1494
"08NB016","SPLIT CREEK AT THE MOUTH","08NB016_1",80.5291976929,43.148601532,43148.6431500004,80529158.8399704,600,1,141,458,87,512
"08NB019","BEAVER RIVER NEAR THE MOUTH","08NB019_1",1150.59997559,243.35899353,243359.082004002,1150598524.33719,8556,107,3716,4733,2849,5600
"08NC004","CANOE RIVER BELOW KIMMEL CREEK","08NC004_1",304.881011963,90.9003982544,90900.4027226045,304880618.542173,2335,14,1305,1016,1116,1205
"08ND012","GOLDSTREAM RIVER BELOW OLD CAMP CREEK","08ND012_1",934.064025879,179.449005127,179449.324984777,934063977.659937,6986,134,2714,4138,2127,4725
"08ND013","ILLECILLEWAET RIVER AT GREELEY","08ND013_1",1149.48999023,226.179992676,226180.470451426,1149488411.67577,8512,63,3795,4654,2993,5456
"08NE008","BEATON CREEK NEAR BEATON","08NE008_1",96.6638031006,51.1824989319,51182.4897926392,96663847.3991714,705,0,87,618,36,669
"08NE039","BIG SHEEP CREEK NEAR ROSSLAND","08NE039_1",347.256011963,109.877998352,109878.072416751,347256345.875077,2471,0,0,2471,0,2471
"08NE049","COLUMBIA RIVER AT BIRCHBANK","08NE049_1",87406.703125,2450.09008789,2450091.13925774,87406717282.0636,635254,11632,100626,522996,72932,550690
"08NE058","COLUMBIA RIVER AT INTERNATIONAL BOUNDARY","08NE058_1",155624,3592.80004883,3592797.62084173,155624480389.966,1104757,20899,102991,980867,73604,1010254
"08NE074","SALMO RIVER NEAR SALMO","08NE074_1",1242.13000488,207.035003662,207035.426517187,1242128747.65732,8835,0,0,8835,0,8835
"08NE077","BARNES CREEK NEAR NEEDLES","08NE077_1",203.617996216,86.5310974121,86531.1190545396,203618047.562652,1475,0,9,1466,0,1475
"08NE087","DEER CREEK AT DEER PARK","08NE087_1",81.5886993408,43.3180007935,43317.9610496425,81588681.1958583,583,0,0,583,0,583
"08NE110","INONOAKLIN CREEK ABOVE VALLEY CREEK","08NE110_1",280.707000732,88.4727020264,88472.6674349836,280706962.142539,2033,0,0,2033,0,2033
"08NE114","HIDDEN CREEK NEAR THE MOUTH","08NE114_1",56.7195014954,38.5008010864,38500.7711582531,56719508.0159902,403,0,0,403,0,403
"08NE126","ARROW RESERVOIR OUTFLOW","08NE126_1",36684.6015625,2036.93994141,2036940.20049479,36684563204.9037,272001,7018,79024,185959,60050,204933
"08NF001","KOOTENAY RIVER AT KOOTENAY CROSSING","08NF001_1",416.264007568,105.144996643,105145.460709674,416263963.665345,3068,0,207,2861,87,2981
"08NG002","BULL RIVER NEAR WARDNER","08NG002_1",1518.97998047,240.544998169,240545.359315481,1518982585.02494,10923,39,79,10805,14,10870
"08NG065","KOOTENAY RIVER AT FORT STEELE","08NG065_1",11469.5996094,938.643005371,938643.235214966,11469636855.2471,83192,25,4618,78549,2007,81160
"08NG076","MATHER CREEK BELOW HOULE CREEK","08NG076_1",135.42300415,66.302696228,66302.7135300496,135422618.475834,966,0,0,966,0,966
"08NH005","KASLO RIVER BELOW KEMP CREEK","08NH005_1",441.569000244,130.501998901,130502.446013458,441569026.763053,3188,0,489,2699,241,2947
"08NH007","LARDEAU RIVER AT MARBLEHEAD","08NH007_1",1642.5300293,247.690994263,247690.621804157,1642527332.59375,12005,158,3351,8496,2213,9634
"08NH016","DUCK CREEK NEAR WYNNDEL","08NH016_1",49.5741004944,33.8213005066,33821.3291188094,49574062.4277624,350,0,0,350,0,350
"08NH021","KOOTENAI RIVER AT PORTHILL","08NH021_1",34328.8984375,1581.93994141,1581936.62319115,34328869390.0581,245129,1537,5205,238387,2200,241392
"08NH084","ARROW CREEK NEAR ERICKSON","08NH084_1",78.34400177,52.9290008545,52929.0275909388,78343984.5939628,561,0,0,561,0,561
"08NH115","SULLIVAN CREEK NEAR CANYON","08NH115_1",5.80219984055,9.84953022003,9849.53389070823,5802203.13830958,41,0,0,41,0,41
"08NH118","DUNCAN RIVER BELOW LARDEAU RIVER","08NH118_1",4080.56005859,385.42401123,385424.245762781,4080562109.60391,29843,614,10588,18641,7677,21552
"08NH119","DUNCAN RIVER BELOW B.B. CREEK","08NH119_1",1314.31005859,220.651000977,220651.115932384,1314307033.19099,9651,206,4622,4823,3568,5877
"08NH126","DUNCAN RIVER BELOW DUNCAN DAM","08NH126_1",2430.66992188,340.488006592,340487.709536364,2430668419.86428,17786,456,7237,10093,5464,11866
"08NH132","KEEN CREEK BELOW KYAWATS CREEK","08NH132_1",92.2929000854,52.1941986084,52194.1899893659,92292911.599285,665,0,164,501,109,556
"08NH138","HUMPHRIES CREEK NEAR TROUT LAKE","08NH138_1",7.94476985931,13.1780004501,13177.9915742518,7944773.41262675,57,0,17,40,9,48
"08NJ013","SLOCAN RIVER NEAR CRESCENT VALLEY","08NJ013_1",3330.45996094,391.338989258,391338.558338005,3330459508.87209,23987,258,2068,21661,977,22752
"08NJ026","DUHAMEL CREEK ABOVE DIVERSIONS","08NJ026_1",52.8989982605,32.2391014099,32239.1074188876,52898956.4648763,379,0,0,379,0,379
"08NJ061","REDFISH CREEK NEAR HARROP","08NJ061_1",27.1921005249,22.9237995148,22923.7768134491,27192073.0290793,200,0,1,199,0,200
"08NJ130","ANDERSON CREEK NEAR NELSON","08NJ130_1",8.36271953583,12.1374998093,12137.4961518453,8362719.87555144,59,0,0,59,0,59
"08NJ158","KOOTENAY LAKE OUTFLOW NEAR CORRA LINN","08NJ158_1",46446.1015625,1936.13000488,1936133.11435635,46446129761.385,332523,4356,19530,308637,11905,316262
"08NJ160","LEMON CREEK ABOVE SOUTH LEMON CREEK","08NJ160_1",180.865005493,72.473197937,72473.2413713693,180864854.981562,1296,0,45,1251,21,1275
"08NK002","ELK RIVER AT FERNIE","08NK002_1",3093.32006836,422.209991455,422209.565338689,3093323460.21402,22331,236,443,21652,177,21918
"08NK016","ELK RIVER NEAR NATAL","08NK016_1",1844.47998047,266.622009277,266621.940536727,1844476939.45869,13371,35,388,12948,173,13163
"08NK018","FORDING RIVER AT THE MOUTH","08NK018_1",620.681030273,143.238006592,143237.899552347,620681290.154578,4495,2,0,4493,0,4493
"08NK022","LINE CREEK AT THE MOUTH","08NK022_1",137.921005249,60.9916000366,60991.6111683472,137921200.945052,991,0,0,991,0,991
"08NK026","HOSMER CREEK ABOVE DIVERSIONS","08NK026_1",6.72176980972,11.6525001526,11652.4795491391,6721774.5267658,50,0,0,50,0,50
"08NL004","ASHNOLA RIVER NEAR KEREMEOS","08NL004_1",1052.09997559,180.17300415,180173.234586696,1052100443.25424,7475,0,0,7475,0,7475
"08NL007","SIMILKAMEEN RIVER AT PRINCETON","08NL007_1",1810.79003906,280.375,280374.867175455,1810790780.94531,12854,0,282,12572,58,12796
"08NL024","TULAMEEN RIVER AT PRINCETON","08NL024_1",1777.89001465,274.833007813,274833.036868764,1777893783.69007,12744,0,179,12565,63,12681
"08NL038","SIMILKAMEEN RIVER NEAR HEDLEY","08NL038_1",5578.37011719,524.598999023,524598.840857322,5578373341.90077,39837,0,461,39376,121,39716
"08NL039","SIWASH CREEK NEAR PRINCETON","08NL039_1",262.75201416,85.2123031616,85212.3376572698,262752319.518515,1887,0,0,1887,0,1887
"08NL045","KEREMEOS CREEK BELOW WILLIS INTAKE","08NL045_1",180.643005371,67.3215026855,67321.4804790879,180643260.037846,1284,0,0,1284,0,1284
"08NL050","HEDLEY CREEK NEAR THE MOUTH","08NL050_1",388.178985596,104.617996216,104618.380926028,388179165.949283,2776,0,0,2776,0,2776
"08NL069","PASAYTEN RIVER ABOVE CALCITE CREEK","08NL069_1",565.807006836,144.772994995,144772.862561994,565807425.700447,4006,0,144,3862,24,3982
"08NL070","SIMILKAMEEN RIVER ABOVE GOODFELLOW CREEK","08NL070_1",408.082000732,128.279998779,128279.626196874,408081530.326813,2891,0,119,2772,34,2857
"08NL071","TULAMEEN RIVER BELOW VUICH CREEK","08NL071_1",253.330001831,82.4284973145,82428.4913643183,253330221.333779,1807,0,93,1714,22,1785
"08NL076","EWART CREEK NEAR CATHEDRAL PARK","08NL076_1",250.76499939,74.8168029785,74816.8468652617,250764548.31636,1784,0,0,1784,0,1784
"08NM002","OKANAGAN RIVER AT OKANAGAN FALLS","08NM002_1",6715.68994141,635.210021973,635209.868710167,6715688187.2739,48424,2233,2,46189,0,46191
"08NM050","OKANAGAN RIVER AT PENTICTON","08NM050_1",5976.83984375,563.567016602,563567.162438556,5976838267.41831,43155,2153,2,41000,0,41002
"08NM065","VERNON CREEK AT OUTLET OF KALAMALKA LAKE","08NM065_1",568.885986328,136.539993286,136539.940888257,568886208.800024,4122,116,0,4006,0,4006
"08NM085","OKANAGAN RIVER NEAR OLIVER","08NM085_1",7535.25976563,708.607971191,708608.30635756,7535260550.34795,54253,2233,2,52018,0,52020
"08NM116","MISSION CREEK NEAR EAST KELOWNA","08NM116_1",795.315002441,191.617996216,191618.311432834,795315353.975811,5747,0,0,5747,0,5747
"08NM142","COLDSTREAM CREEK ABOVE MUNICIPAL INTAKE","08NM142_1",60.5479011536,43.1859016418,43185.9414024408,60547851.1200837,441,0,0,441,0,441
"08NM171","VASEUX CREEK ABOVE SOLCO CREEK","08NM171_1",117.45300293,61.2797012329,61279.6859018459,117452666.113406,837,0,0,837,0,837
"08NM173","GREATA CREEK NEAR THE MOUTH","08NM173_1",44.6539993286,30.0974998474,30097.5496073021,44653991.1927381,322,0,0,322,0,322
"08NM174","WHITEMAN CREEK ABOVE BOULEAU CREEK","08NM174_1",113.555000305,53.8914985657,53891.4596291146,113555480.405275,829,0,0,829,0,829
"08NM232","BELGO CREEK BELOW HILDA CREEK","08NM232_1",59.8804016113,49.6603012085,49660.2954198006,59880365.645547,439,0,0,439,0,439
"08NM240","TWO FORTY CREEK NEAR PENTICTON","08NM240_1",4.9390501976,9.49298000336,9492.97633454026,4939050.34247017,40,0,0,40,0,40
"08NN002","GRANBY RIVER AT GRAND FORKS","08NN002_1",2056.51000977,287.850006104,287850.361992111,2056512643.30823,14692,0,0,14692,0,14692
"08NN003","WEST KETTLE RIVER AT WESTBRIDGE","08NN003_1",1889.29003906,306.273986816,306273.937345919,1889294096.53044,13503,0,2,13501,0,13503
"08NN015","WEST KETTLE RIVER NEAR MCCULLOCH","08NN015_1",233.412002563,100.288002014,100288.173617647,233411967.859873,1676,0,2,1674,0,1676
"08NN019","TRAPPING CREEK NEAR THE MOUTH","08NN019_1",144.940994263,65.4645004272,65464.4990648421,144940913.85547,1038,0,0,1038,0,1038
"08NN023","BURRELL CREEK ABOVE GLOUCESTER CREEK","08NN023_1",221.378997803,78.5819015503,78581.8691334786,221378625.766086,1587,0,0,1587,0,1587
"08NN028","LOST HORSE CREEK NEAR CHRISTIAN VALLEY","08NN028_1",28.4717006683,25.6830997467,25683.1319554981,28471655.3247544,202,0,0,202,0,202
"08NP001","FLATHEAD RIVER AT FLATHEAD","08NP001_1",1107.65002441,208.591003418,208590.513735614,1107654052.35276,7872,523,44,7305,3,7346
"09AA006","ATLIN RIVER NEAR ATLIN","09AA006_1",6860.93994141,706.210021973,706209.832766428,6860941757.29123,62877,12228,8504,42145,7254,43395
"09AA012","WHEATON RIVER NEAR CARCROSS","09AA012_1",864.452453506,171.161667844,171161.668257379,864452453.548694,8061,373,1074,6614,384,7304
"09AA013","TUTSHI RIVER AT OUTLET OF TUTSHI LAKE","09AA013_1",989.395996094,224.251998901,224252.302561609,989395868.943913,9124,1935,2127,5062,1524,5665
"09AB001","YUKON RIVER AT WHITEHORSE","09AB001_1",19551.8056317,950.423013594,950423.014676641,19551805630.2895,180908,36077,24215,120616,19298,125533
"09AC001","TAKHINI RIVER NEAR WHITEHORSE","09AC001_1",7045.64483246,569.341919821,569341.919588719,7045644832.91257,66123,8626,7127,50370,4982,52515
"09AC007","IBEX RIVER NEAR WHITEHORSE","09AC007_1",648.304992067,149.548920579,149548.92034635,648304991.861155,6121,1732,36,4353,0,4389
"09AE003","SWIFT RIVER NEAR SWIFT RIVER","09AE003_1",3393.70996094,332.665985107,332666.4440285,3393710040.84453,31386,7092,595,23699,84,24210
"09AE006","MORELY RIVER AT KM 1251 ALASKA HIGHWAY","09AE006_1",1579.94796376,269.532364425,269532.363525684,1579947964.00239,14747,2626,144,11977,21,12100
"09AH003","BIG CREEK NEAR THE MOUTH","09AH003_1",1796.0991666,231.598020788,231598.021022437,1796099166.6894,17952,19,0,17933,0,17933
"09AH004","NORDENSKIOLD RIVER BELOW ROWLINSON CREEK","09AH004_1",6409.9593244,548.605378225,548605.378113243,6409959324.34388,62276,3686,3,58587,0,58590
"09BA001","ROSS RIVER AT ROSS RIVER","09BA001_1",7305.67466606,747.955902157,747955.904099314,7305674666.22423,73091,10206,1341,61544,673,62212
"09BC001","PELLY RIVER AT PELLY CROSSING","09BC001_1",48866.5065845,1751.52093134,1751520.93385678,48866506584.4033,489998,106077,5179,378742,2232,381689
"09BC004","PELLY RIVER BELOW VANGORDA CREEK","09BC004_1",21948.8447546,1136.44979779,1136449.80032584,21948844754.904,217462,26185,3408,187869,1241,190036
"09CA004","DUKE RIVER NEAR THE MOUTH","09CA004_1",654.044931624,160.196135378,160196.135293959,654044931.347546,6285,74,1567,4644,1069,5142
"09CA006","NISLING RIVER BELOW ONION CREEK","09CA006_1",7911.79664404,537.497333496,537497.333258941,7911796644.01081,77914,441,0,77473,0,77473
"09CD001","YUKON RIVER ABOVE WHITE RIVER","09CD001_1",149347.229154,3246.83054431,3246830.54581622,149347229153.47,1447293,317587,41309,1088397,27546,1102160
"09DB001","BEAVER RIVER BELOW MATSON CREEK","09DB001_1",4774.41123044,507.774738249,507774.738490249,4774411229.61551,50952,9551,234,41167,47,41354
"09DD003","STEWART RIVER AT THE MOUTH","09DD003_1",51023.1814638,1945.43948855,1945439.48930668,51023181463.3334,532642,97634,7097,427911,3074,431934
"09DD004","MCQUESTEN RIVER NEAR THE MOUTH","09DD004_1",4754.26515555,459.154802679,459154.802673312,4754265155.45106,50172,15672,0,34500,0,34500
"09EA003","KLONDIKE RIVER ABOVE BONANZA CREEK","09EA003_1",7814.16116172,528.910715565,528910.71556506,7814161161.7169,82884,5848,23,77013,0,77036
"09EA004","NORTH KLONDIKE RIVER NEAR THE MOUTH","09EA004_1",1088.87247116,204.259751383,204259.751383374,1088872471.16832,11639,0,14,11625,0,11639
"09EB003","INDIAN RIVER ABOVE THE MOUTH","09EB003_1",2213.01286147,245.676343469,245676.342934424,2213012861.87524,23121,163,0,22958,0,22958
"09FC001","OLD CROW RIVER NEAR THE MOUTH","09FC001_1",13864.6256139,668.226542483,668226.542907968,13864625614.0316,172205,14218,476,157511,96,157891
"10AA001","LIARD RIVER AT UPPER CROSSING","10AA001_1",32556.1496183,1316.24326313,1316243.26277318,32556149618.4191,309617,23133,6323,280161,2409,284075
"10AA004","RANCHERIA RIVER NEAR THE MOUTH","10AA004_1",5098.25069889,526.350881368,526350.881409712,5098250698.85968,47172,10133,375,36664,35,37004
"10AA005","BIG CREEK AT KM 1084.8 ALASKA HIGHWAY","10AA005_1",1009.95373471,188.913412657,188913.413012921,1009953734.66919,9348,1146,31,8171,0,8202
"10AB001","FRANCES RIVER NEAR WATSON LAKE","10AB001_1",12778.3754717,809.271204258,809271.203178398,12778375471.0749,123600,5337,4378,113885,1990,116273
"10AC005","COTTONWOOD RIVER ABOVE BASS CREEK","10AC005_1",881.534973145,222.175003052,222175.23907246,881534870.180466,7958,4695,597,2666,206,3057
"10BE001","LIARD RIVER AT LOWER CROSSING","10BE001_1",104355,2610.12988281,2610133.02820233,104354839075.023,966235,74078,26627,865530,10907,881250
"10BE004","TOAD RIVER ABOVE NONDA CREEK","10BE004_1",2542.44995117,304.152008057,304152.484595927,2542446187.83075,22618,455,2348,19815,895,21268
"10BE007","TROUT RIVER AT KILOMETRE 783.7 ALASKA HIGHWAY","10BE007_1",1173.81994629,202.197006226,202196.714580161,1173820148.26892,10563,158,5,10400,0,10405
"10BE009","TEETER CREEK NEAR THE MOUTH","10BE009_1",209.485992432,78.7589035034,78758.8965560999,209485613.754108,1920,0,0,1920,0,1920
"10CA001","FONTAS RIVER NEAR THE MOUTH","10CA001_1",7405.39990234,520.197998047,520198.445697952,7405403808.9713,64778,61,4,64713,0,64717
"10CB001","SIKANNI CHIEF RIVER NEAR FORT NELSON","10CB001_1",2184.63989258,333.143005371,333142.68207566,2184644368.72507,18684,78,860,17746,363,18243
"10CD001","MUSKWA RIVER NEAR FORT NELSON","10CD001_1",20277.8007813,848.552978516,848552.57326186,20277846706.2469,178129,2747,7136,168246,4277,171105
"10CD003","RASPBERRY CREEK NEAR THE MOUTH","10CD003_1",277.307006836,82.7055969238,82705.5661336107,277306704.918927,2494,0,0,2494,0,2494
"10CD004","BOUGIE CREEK AT KILOMETRE 368 ALASKA HIGHWAY","10CD004_1",334.656005859,85.8163986206,85816.4130283945,334656306.975228,2921,0,0,2921,0,2921
"10CD005","ADSETT CREEK AT KILOMETRE 386.0 ALASKA HIGHWAY","10CD005_1",108.694999695,53.2508010864,53250.7810073587,108694875.912805,957,0,0,957,0,957
"10EA003","FLAT RIVER NEAR THE MOUTH","10EA003_1",8565.01198692,679.610303229,679610.303239606,8565011988.15215,82825,2100,2144,78581,1192,79533
"10EB001","SOUTH NAHANNI RIVER ABOVE VIRGINIA FALLS","10EB001_1",14560.8035109,875.143547094,875143.546644357,14560803509.695,145366,19903,15914,109549,8875,116588
"10ED001","LIARD RIVER AT FORT LIARD","10ED001_1",218808.376684,4289.18245298,4289182.4543795,218808376681.752,1997144,86022,40427,1870695,17784,1893338
"10ED002","LIARD RIVER NEAR THE MOUTH","10ED002_1",274164.319077,4829.31243347,4829312.43445902,274164319074.721,2534098,112243,58574,2363281,27851,2394004
"10ED003","BIRCH RIVER AT HIGHWAY NO. 7","10ED003_1",557.743389648,123.514367604,123514.3673515,557743389.497498,5354,0,0,5354,0,5354
"10ED007","BLACKSTONE RIVER AT HIGHWAY NO. 7","10ED007_1",1391.6893566,196.292895174,196292.895453877,1391689356.62451,13328,22,0,13306,0,13306
"10ED009","SCOTTY CREEK AT HIGHWAY NO. 7","10ED009_1",179.498410114,62.7692587642,62769.2584905007,179498410.212144,1738,23,0,1715,0,1715
"10FA002","TROUT RIVER AT HIGHWAY NO. 1","10FA002_1",9212.9480371,553.443611335,553443.611348684,9212948037.74662,86973,6110,212,80651,7,80856
"10FB005","JEAN-MARIE RIVER AT HIGHWAY NO. 1","10FB005_1",1239.21390481,225.351795539,225351.79565412,1239213904.41846,11892,83,0,11809,0,11809
"10FB006","MACKENZIE RIVER AT STRONG POINT","10FB006_1",49635.8677011,1558.50694386,1558506.94205659,49635867700.9016,483013,22932,325,459756,11,460070
"10GA001","ROOT RIVER NEAR THE MOUTH","10GA001_1",9833.92781537,624.944209338,624944.208161457,9833927815.55228,99614,1210,0,98404,0,98404
"10GB006","WILLOWLAKE RIVER ABOVE METAHDALI CREEK","10GB006_1",20696.0456197,1146.02615249,1146026.15010549,20696045618.8214,209228,8134,0,201094,0,201094
"10GC001","MACKENZIE RIVER AT FORT SIMPSON","10GC001_1",1299654.3703,11126.1846471,11126184.6468207,1299654370304.02,11763299,974040,186258,10603001,101000,10688259
"10GC003","MARTIN RIVER AT HIGHWAY NO. 1","10GC003_1",1950.22303164,193.115838894,193115.838903717,1950223032.452,19042,329,0,18713,0,18713
"10HA004","KEELE RIVER ABOVE TWITYA RIVER","10HA004_1",10897.0261674,669.411801099,669411.801209353,10897026167.1046,112984,19225,7293,86466,1707,92052
"10HB005","REDSTONE RIVER 63 KM ABOVE THE MOUTH","10HB005_1",15440.164903,853.550306391,853550.305690912,15440164904.1891,158806,2507,5638,150661,1847,154452
"10JA002","CAMSELL RIVER AT OUTLET OF CLUT LAKE","10JA002_1",32222.1445875,1375.4335342,1375433.53347128,32222144587.8668,352582,58474,404,293704,55,294053
"10JC003","GREAT BEAR RIVER AT OUTLET OF GREAT BEAR LAKE","10JC003_1",146686.386637,3531.65787475,3531657.87394266,146686386636.499,1645888,144733,306467,1194688,302700,1198455
"10KA001","MACKENZIE RIVER AT NORMAN WELLS","10KA001_1",1587282.23693,11383.8106005,11383810.6003468,1587282236932.18,14866365,1191290,508373,13166702,407710,13267365
"10KA006","JUNGLE RIDGE CREEK NEAR THE MOUTH","10KA006_1",59.9813690727,43.0831717112,43083.1715601264,59981369.217666,664,0,0,664,0,664
"10KA007","BOSWORTH CREEK NEAR NORMAN WELLS","10KA007_1",125.958062057,56.1968779006,56196.877811133,125958062.061407,1402,20,0,1382,0,1382
"10KB001","CARCAJOU RIVER BELOW IMPERIAL RIVER","10KB001_1",7416.23383797,519.924212224,519924.212422871,7416233838.75994,80556,1637,121,78798,39,78880
"10LA002","ARCTIC RED RIVER NEAR THE MOUTH","10LA002_1",18745.5550125,1172.98310334,1172983.10449131,18745555011.8639,209939,6675,2833,200431,1160,202104
"10LC003","RENGLENG RIVER BELOW HIGHWAY NO. 8 (DEMPSTER HIGHWAY)","10LC003_1",1277.56804457,237.434437828,237434.438031913,1277568044.12405,15561,1433,3,14125,0,14128
"10LC007","CARIBOU CREEK ABOVE HIGHWAY NO. 8 (DEMPSTER HIGHWAY)","10LC007_1",612.597374419,179.485359021,179485.359295487,612597374.16833,7557,767,10,6780,0,6790
"10LC014","MACKENZIE RIVER AT ARCTIC RED RIVER","10LC014_1",1695625.2283,12420.4155238,12420415.5251903,1695625228300.05,16099544,1244684,519241,14335619,413162,14441698
"10LC017","HAVIKPAK CREEK NEAR INUVIK","10LC017_1",15.0532277228,18.3757222428,18375.7221435229,15053227.7420399,185,0,0,185,0,185
"10MA001","PEEL RIVER ABOVE CANYON CREEK","10MA001_1",25510.1731108,1059.99131918,1059991.32002965,25510173110.4691,280435,12085,122,268228,13,268337
"10MA003","BLACKSTONE RIVER NEAR CHAPMAN LAKE AIRSTRIP","10MA003_1",1177.12899091,208.749809412,208749.809261166,1177128990.97972,12742,6,48,12688,7,12729
"10MC002","PEEL RIVER ABOVE FORT MCPHERSON","10MC002_1",70680.3951267,2078.55265959,2078552.66126561,70680395126.6924,787030,29713,3613,753704,895,756422
"10MD001","FIRTH RIVER NEAR THE MOUTH","10MD001_1",5714.43601195,505.351111953,505351.112601799,5714436011.78136,73293,478,218,72597,118,72697
"10NC001","ANDERSON RIVER BELOW CARNWATH RIVER","10NC001_1",56240.7965502,2089.38335005,2089383.35010671,56240796550.8498,686784,50301,11428,625055,10881,625602
"10ND002","TRAIL VALLEY CREEK NEAR INUVIK","10ND002_1",65.3852926774,44.373564177,44373.5643633369,65385292.8357198,838,0,0,838,0,838
"10ND004","HANS CREEK ABOVE ESKIMO LAKES","10ND004_1",328.552886647,102.812568372,102812.568202472,328552886.722575,4189,81,0,4108,0,4108
"10OB001","HORNADAY RIVER NEAR THE PARK BOUNDARY","10OB001_1",14033.4732629,772.901968131,772901.967719683,14033473262.3205,177357,1354,1516,174487,1252,174751
"10PA001","COPPERMINE RIVER BELOW DESTEFFANY LAKE","10PA001_1",6127.32825314,659.282370251,659282.37086782,6127328253.05608,66020,7518,7108,51394,6535,51967
"10PC004","COPPERMINE RIVER ABOVE COPPER CREEK","10PC004_1",47404.9095243,2454.31619422,2454316.19330194,47404909529.6568,534458,71276,36585,426597,32916,430266
"10PC005","FAIRY LAKE RIVER NEAR OUTLET OF NAPAKTULIK LAKE","10PC005_1",6662.26831732,653.189672644,653189.671687563,6662268317.64616,76549,20024,11384,45141,10679,45846
"10QA001","TREE RIVER NEAR THE MOUTH","10QA001_1",5648.52654357,737.251041852,737251.041428289,5648526544.28337,67130,19884,3303,43943,2456,44790
"11AA001","NORTH MILK RIVER NEAR INTERNATIONAL BOUNDARY","11AA001_1",239.437800717,90.6109954472,90610.995675185,239437800.759362,1684,0,0,1684,0,1684
"11AA005","MILK RIVER AT MILK RIVER","11AA005_1",2721.80199926,331.893992409,331893.993197753,2721801999.11782,19253,3,11,19239,0,19250
"11AA025","MILK RIVER AT WESTERN CROSSING OF INTERNATIONAL BOUNDARY","11AA025_1",1044.99139358,217.957997294,217957.997385306,1044991393.34717,7374,0,11,7363,0,7374
"11AA026","SAGE CREEK AT Q RANCH NEAR WILDHORSE","11AA026_1",457.139198287,138.107427721,138107.427807539,457139198.244456,3256,0,0,3256,0,3256
"11AA028","BEAR CREEK NEAR INTERNATIONAL BOUNDARY","11AA028_1",87.5737598359,55.6488440003,55648.8442298773,87573759.8201237,625,0,0,625,0,625
"11AA029","MINERS COULEE NEAR INTERNATIONAL BOUNDARY","11AA029_1",108.956279249,59.0657788382,59065.7784596219,108956279.262824,772,0,0,772,0,772
"11AA038","VERDIGRIS COULEE NEAR THE MOUTH","11AA038_1",355.818726193,110.842897143,110842.897526653,355818726.177771,2535,15,0,2520,0,2520
"11AB009","MIDDLE CREEK NEAR THE SASKATCHEWAN BOUNDARY","11AB009_1",304.579992366,81.2016040013,81201.6038699418,304579992.227364,2180,0,50,2130,0,2180
"11AB117","BATTLE CREEK AT ALBERTA BOUNDARY","11AB117_1",110.580078308,50.6776109623,50677.6109668088,110580078.280392,787,0,0,787,0,787
